state,state_name_count,feed_date
Alabama,0,2024-08-21
Alaska,0,2024-08-21
Arizona,35,2024-08-21
Arkansas,0,2024-08-21
California,0,2024-08-21
Colorado,0,2024-08-21
Connecticut,4,2024-08-21
Delaware,0,2024-08-21
Florida,0,2024-08-21
Georgia,0,2024-08-21
Hawaii,0,2024-08-21
Idaho,0,2024-08-21
Illinois,4,2024-08-21
Indiana,0,2024-08-21
Iowa,0,2024-08-21
Kansas,0,2024-08-21
Kentucky,0,2024-08-21
Louisiana,0,2024-08-21
Maine,1,2024-08-21
Maryland,0,2024-08-21
Massachusetts,0,2024-08-21
Michigan,4,2024-08-21
Minnesota,0,2024-08-21
Mississippi,0,2024-08-21
Missouri,0,2024-08-21
Montana,28,2024-08-21
Nebraska,0,2024-08-21
Nevada,0,2024-08-21
New Hampshire,0,2024-08-21
New Jersey,0,2024-08-21
New Mexico,0,2024-08-21
New York,1,2024-08-21
North Carolina,0,2024-08-21
North Dakota,0,2024-08-21
Ohio,0,2024-08-21
Oklahoma,0,2024-08-21
Oregon,0,2024-08-21
Pennsylvania,0,2024-08-21
Rhode Island,0,2024-08-21
South Carolina,0,2024-08-21
South Dakota,0,2024-08-21
Tennessee,0,2024-08-21
Texas,0,2024-08-21
Utah,0,2024-08-21
Vermont,2,2024-08-21
Virginia,0,2024-08-21
Washington,1,2024-08-21
West Virginia,0,2024-08-21
Wisconsin,0,2024-08-21
Wyoming,0,2024-08-21
DC,0,2024-08-21
Alabama,0,2024-08-09
Alaska,0,2024-08-09
Arizona,4,2024-08-09
Arkansas,0,2024-08-09
California,5,2024-08-09
Colorado,0,2024-08-09
Connecticut,0,2024-08-09
Delaware,0,2024-08-09
Florida,1,2024-08-09
Georgia,0,2024-08-09
Hawaii,0,2024-08-09
Idaho,0,2024-08-09
Illinois,0,2024-08-09
Indiana,0,2024-08-09
Iowa,0,2024-08-09
Kansas,0,2024-08-09
Kentucky,0,2024-08-09
Louisiana,0,2024-08-09
Maine,0,2024-08-09
Maryland,0,2024-08-09
Massachusetts,0,2024-08-09
Michigan,4,2024-08-09
Minnesota,4,2024-08-09
Mississippi,0,2024-08-09
Missouri,0,2024-08-09
Montana,0,2024-08-09
Nebraska,0,2024-08-09
Nevada,0,2024-08-09
New Hampshire,0,2024-08-09
New Jersey,0,2024-08-09
New Mexico,0,2024-08-09
New York,0,2024-08-09
North Carolina,0,2024-08-09
North Dakota,0,2024-08-09
Ohio,0,2024-08-09
Oklahoma,0,2024-08-09
Oregon,0,2024-08-09
Pennsylvania,0,2024-08-09
Rhode Island,0,2024-08-09
South Carolina,0,2024-08-09
South Dakota,0,2024-08-09
Tennessee,0,2024-08-09
Texas,3,2024-08-09
Utah,0,2024-08-09
Vermont,0,2024-08-09
Virginia,1,2024-08-09
Washington,8,2024-08-09
West Virginia,0,2024-08-09
Wisconsin,0,2024-08-09
Wyoming,0,2024-08-09
DC,0,2024-08-09
Alabama,0,2024-08-08
Alaska,0,2024-08-08
Arizona,2,2024-08-08
Arkansas,0,2024-08-08
California,0,2024-08-08
Colorado,0,2024-08-08
Connecticut,0,2024-08-08
Delaware,0,2024-08-08
Florida,1,2024-08-08
Georgia,5,2024-08-08
Hawaii,0,2024-08-08
Idaho,0,2024-08-08
Illinois,0,2024-08-08
Indiana,0,2024-08-08
Iowa,0,2024-08-08
Kansas,0,2024-08-08
Kentucky,0,2024-08-08
Louisiana,0,2024-08-08
Maine,1,2024-08-08
Maryland,0,2024-08-08
Massachusetts,0,2024-08-08
Michigan,2,2024-08-08
Minnesota,26,2024-08-08
Mississippi,0,2024-08-08
Missouri,0,2024-08-08
Montana,0,2024-08-08
Nebraska,0,2024-08-08
Nevada,2,2024-08-08
New Hampshire,1,2024-08-08
New Jersey,0,2024-08-08
New Mexico,0,2024-08-08
New York,6,2024-08-08
North Carolina,0,2024-08-08
North Dakota,0,2024-08-08
Ohio,1,2024-08-08
Oklahoma,0,2024-08-08
Oregon,0,2024-08-08
Pennsylvania,0,2024-08-08
Rhode Island,0,2024-08-08
South Carolina,0,2024-08-08
South Dakota,0,2024-08-08
Tennessee,0,2024-08-08
Texas,0,2024-08-08
Utah,0,2024-08-08
Vermont,0,2024-08-08
Virginia,19,2024-08-08
Washington,2,2024-08-08
West Virginia,0,2024-08-08
Wisconsin,16,2024-08-08
Wyoming,0,2024-08-08
DC,0,2024-08-08
Alabama,0,2024-08-20
Alaska,0,2024-08-20
Arizona,0,2024-08-20
Arkansas,0,2024-08-20
California,0,2024-08-20
Colorado,0,2024-08-20
Connecticut,0,2024-08-20
Delaware,0,2024-08-20
Florida,0,2024-08-20
Georgia,0,2024-08-20
Hawaii,0,2024-08-20
Idaho,0,2024-08-20
Illinois,0,2024-08-20
Indiana,0,2024-08-20
Iowa,0,2024-08-20
Kansas,0,2024-08-20
Kentucky,1,2024-08-20
Louisiana,0,2024-08-20
Maine,0,2024-08-20
Maryland,0,2024-08-20
Massachusetts,0,2024-08-20
Michigan,0,2024-08-20
Minnesota,0,2024-08-20
Mississippi,0,2024-08-20
Missouri,0,2024-08-20
Montana,0,2024-08-20
Nebraska,0,2024-08-20
Nevada,0,2024-08-20
New Hampshire,0,2024-08-20
New Jersey,0,2024-08-20
New Mexico,0,2024-08-20
New York,3,2024-08-20
North Carolina,0,2024-08-20
North Dakota,0,2024-08-20
Ohio,0,2024-08-20
Oklahoma,0,2024-08-20
Oregon,0,2024-08-20
Pennsylvania,1,2024-08-20
Rhode Island,0,2024-08-20
South Carolina,0,2024-08-20
South Dakota,0,2024-08-20
Tennessee,0,2024-08-20
Texas,0,2024-08-20
Utah,0,2024-08-20
Vermont,0,2024-08-20
Virginia,0,2024-08-20
Washington,14,2024-08-20
West Virginia,0,2024-08-20
Wisconsin,0,2024-08-20
Wyoming,0,2024-08-20
DC,4,2024-08-20
Alabama,0,2024-08-22
Alaska,0,2024-08-22
Arizona,1,2024-08-22
Arkansas,0,2024-08-22
California,0,2024-08-22
Colorado,0,2024-08-22
Connecticut,0,2024-08-22
Delaware,0,2024-08-22
Florida,0,2024-08-22
Georgia,0,2024-08-22
Hawaii,0,2024-08-22
Idaho,0,2024-08-22
Illinois,2,2024-08-22
Indiana,0,2024-08-22
Iowa,0,2024-08-22
Kansas,0,2024-08-22
Kentucky,0,2024-08-22
Louisiana,0,2024-08-22
Maine,0,2024-08-22
Maryland,0,2024-08-22
Massachusetts,0,2024-08-22
Michigan,16,2024-08-22
Minnesota,0,2024-08-22
Mississippi,0,2024-08-22
Missouri,0,2024-08-22
Montana,0,2024-08-22
Nebraska,2,2024-08-22
Nevada,0,2024-08-22
New Hampshire,0,2024-08-22
New Jersey,0,2024-08-22
New Mexico,0,2024-08-22
New York,1,2024-08-22
North Carolina,4,2024-08-22
North Dakota,0,2024-08-22
Ohio,0,2024-08-22
Oklahoma,0,2024-08-22
Oregon,0,2024-08-22
Pennsylvania,1,2024-08-22
Rhode Island,0,2024-08-22
South Carolina,0,2024-08-22
South Dakota,0,2024-08-22
Tennessee,0,2024-08-22
Texas,1,2024-08-22
Utah,0,2024-08-22
Vermont,0,2024-08-22
Virginia,3,2024-08-22
Washington,3,2024-08-22
West Virginia,3,2024-08-22
Wisconsin,0,2024-08-22
Wyoming,0,2024-08-22
DC,0,2024-08-22
Alabama,0,2024-08-23
Alaska,0,2024-08-23
Arizona,0,2024-08-23
Arkansas,0,2024-08-23
California,3,2024-08-23
Colorado,3,2024-08-23
Connecticut,0,2024-08-23
Delaware,0,2024-08-23
Florida,0,2024-08-23
Georgia,0,2024-08-23
Hawaii,0,2024-08-23
Idaho,0,2024-08-23
Illinois,0,2024-08-23
Indiana,0,2024-08-23
Iowa,0,2024-08-23
Kansas,1,2024-08-23
Kentucky,0,2024-08-23
Louisiana,0,2024-08-23
Maine,0,2024-08-23
Maryland,0,2024-08-23
Massachusetts,0,2024-08-23
Michigan,0,2024-08-23
Minnesota,2,2024-08-23
Mississippi,0,2024-08-23
Missouri,0,2024-08-23
Montana,0,2024-08-23
Nebraska,0,2024-08-23
Nevada,0,2024-08-23
New Hampshire,0,2024-08-23
New Jersey,0,2024-08-23
New Mexico,0,2024-08-23
New York,0,2024-08-23
North Carolina,2,2024-08-23
North Dakota,0,2024-08-23
Ohio,0,2024-08-23
Oklahoma,0,2024-08-23
Oregon,0,2024-08-23
Pennsylvania,0,2024-08-23
Rhode Island,0,2024-08-23
South Carolina,0,2024-08-23
South Dakota,0,2024-08-23
Tennessee,0,2024-08-23
Texas,0,2024-08-23
Utah,0,2024-08-23
Vermont,0,2024-08-23
Virginia,0,2024-08-23
Washington,1,2024-08-23
West Virginia,0,2024-08-23
Wisconsin,0,2024-08-23
Wyoming,0,2024-08-23
DC,0,2024-08-23
Alabama,0,2024-08-27
Alaska,0,2024-08-27
Arizona,1,2024-08-27
Arkansas,0,2024-08-27
California,2,2024-08-27
Colorado,0,2024-08-27
Connecticut,0,2024-08-27
Delaware,0,2024-08-27
Florida,2,2024-08-27
Georgia,8,2024-08-27
Hawaii,1,2024-08-27
Idaho,0,2024-08-27
Illinois,0,2024-08-27
Indiana,0,2024-08-27
Iowa,0,2024-08-27
Kansas,0,2024-08-27
Kentucky,3,2024-08-27
Louisiana,0,2024-08-27
Maine,0,2024-08-27
Maryland,0,2024-08-27
Massachusetts,0,2024-08-27
Michigan,1,2024-08-27
Minnesota,1,2024-08-27
Mississippi,0,2024-08-27
Missouri,0,2024-08-27
Montana,0,2024-08-27
Nebraska,0,2024-08-27
Nevada,4,2024-08-27
New Hampshire,0,2024-08-27
New Jersey,0,2024-08-27
New Mexico,0,2024-08-27
New York,7,2024-08-27
North Carolina,0,2024-08-27
North Dakota,0,2024-08-27
Ohio,0,2024-08-27
Oklahoma,0,2024-08-27
Oregon,0,2024-08-27
Pennsylvania,6,2024-08-27
Rhode Island,0,2024-08-27
South Carolina,0,2024-08-27
South Dakota,1,2024-08-27
Tennessee,0,2024-08-27
Texas,3,2024-08-27
Utah,0,2024-08-27
Vermont,0,2024-08-27
Virginia,1,2024-08-27
Washington,1,2024-08-27
West Virginia,0,2024-08-27
Wisconsin,0,2024-08-27
Wyoming,0,2024-08-27
DC,0,2024-08-27
Alabama,0,2024-08-26
Alaska,0,2024-08-26
Arizona,1,2024-08-26
Arkansas,0,2024-08-26
California,1,2024-08-26
Colorado,0,2024-08-26
Connecticut,0,2024-08-26
Delaware,0,2024-08-26
Florida,0,2024-08-26
Georgia,0,2024-08-26
Hawaii,0,2024-08-26
Idaho,0,2024-08-26
Illinois,0,2024-08-26
Indiana,0,2024-08-26
Iowa,1,2024-08-26
Kansas,2,2024-08-26
Kentucky,0,2024-08-26
Louisiana,0,2024-08-26
Maine,0,2024-08-26
Maryland,0,2024-08-26
Massachusetts,0,2024-08-26
Michigan,1,2024-08-26
Minnesota,0,2024-08-26
Mississippi,0,2024-08-26
Missouri,0,2024-08-26
Montana,0,2024-08-26
Nebraska,0,2024-08-26
Nevada,1,2024-08-26
New Hampshire,0,2024-08-26
New Jersey,0,2024-08-26
New Mexico,0,2024-08-26
New York,4,2024-08-26
North Carolina,0,2024-08-26
North Dakota,0,2024-08-26
Ohio,0,2024-08-26
Oklahoma,0,2024-08-26
Oregon,0,2024-08-26
Pennsylvania,4,2024-08-26
Rhode Island,0,2024-08-26
South Carolina,0,2024-08-26
South Dakota,0,2024-08-26
Tennessee,0,2024-08-26
Texas,1,2024-08-26
Utah,0,2024-08-26
Vermont,0,2024-08-26
Virginia,0,2024-08-26
Washington,0,2024-08-26
West Virginia,0,2024-08-26
Wisconsin,0,2024-08-26
Wyoming,0,2024-08-26
DC,0,2024-08-26
Alabama,15,2024-08-18
Alaska,0,2024-08-18
Arizona,1,2024-08-18
Arkansas,0,2024-08-18
California,0,2024-08-18
Colorado,0,2024-08-18
Connecticut,0,2024-08-18
Delaware,0,2024-08-18
Florida,0,2024-08-18
Georgia,0,2024-08-18
Hawaii,0,2024-08-18
Idaho,0,2024-08-18
Illinois,0,2024-08-18
Indiana,0,2024-08-18
Iowa,0,2024-08-18
Kansas,0,2024-08-18
Kentucky,0,2024-08-18
Louisiana,0,2024-08-18
Maine,0,2024-08-18
Maryland,2,2024-08-18
Massachusetts,0,2024-08-18
Michigan,0,2024-08-18
Minnesota,3,2024-08-18
Mississippi,0,2024-08-18
Missouri,0,2024-08-18
Montana,0,2024-08-18
Nebraska,1,2024-08-18
Nevada,0,2024-08-18
New Hampshire,0,2024-08-18
New Jersey,2,2024-08-18
New Mexico,0,2024-08-18
New York,21,2024-08-18
North Carolina,15,2024-08-18
North Dakota,0,2024-08-18
Ohio,1,2024-08-18
Oklahoma,0,2024-08-18
Oregon,0,2024-08-18
Pennsylvania,1,2024-08-18
Rhode Island,0,2024-08-18
South Carolina,1,2024-08-18
South Dakota,0,2024-08-18
Tennessee,0,2024-08-18
Texas,0,2024-08-18
Utah,0,2024-08-18
Vermont,0,2024-08-18
Virginia,0,2024-08-18
Washington,6,2024-08-18
West Virginia,0,2024-08-18
Wisconsin,0,2024-08-18
Wyoming,0,2024-08-18
DC,0,2024-08-18
Alabama,0,2024-08-24
Alaska,0,2024-08-24
Arizona,0,2024-08-24
Arkansas,0,2024-08-24
California,2,2024-08-24
Colorado,0,2024-08-24
Connecticut,0,2024-08-24
Delaware,0,2024-08-24
Florida,0,2024-08-24
Georgia,1,2024-08-24
Hawaii,0,2024-08-24
Idaho,0,2024-08-24
Illinois,1,2024-08-24
Indiana,0,2024-08-24
Iowa,0,2024-08-24
Kansas,3,2024-08-24
Kentucky,0,2024-08-24
Louisiana,0,2024-08-24
Maine,0,2024-08-24
Maryland,0,2024-08-24
Massachusetts,0,2024-08-24
Michigan,0,2024-08-24
Minnesota,2,2024-08-24
Mississippi,3,2024-08-24
Missouri,0,2024-08-24
Montana,0,2024-08-24
Nebraska,0,2024-08-24
Nevada,0,2024-08-24
New Hampshire,0,2024-08-24
New Jersey,0,2024-08-24
New Mexico,0,2024-08-24
New York,3,2024-08-24
North Carolina,0,2024-08-24
North Dakota,0,2024-08-24
Ohio,17,2024-08-24
Oklahoma,0,2024-08-24
Oregon,0,2024-08-24
Pennsylvania,0,2024-08-24
Rhode Island,0,2024-08-24
South Carolina,0,2024-08-24
South Dakota,0,2024-08-24
Tennessee,0,2024-08-24
Texas,1,2024-08-24
Utah,0,2024-08-24
Vermont,0,2024-08-24
Virginia,0,2024-08-24
Washington,2,2024-08-24
West Virginia,0,2024-08-24
Wisconsin,0,2024-08-24
Wyoming,0,2024-08-24
DC,1,2024-08-24
Alabama,0,2024-08-30
Alaska,0,2024-08-30
Arizona,0,2024-08-30
Arkansas,0,2024-08-30
California,0,2024-08-30
Colorado,0,2024-08-30
Connecticut,0,2024-08-30
Delaware,0,2024-08-30
Florida,0,2024-08-30
Georgia,0,2024-08-30
Hawaii,0,2024-08-30
Idaho,0,2024-08-30
Illinois,0,2024-08-30
Indiana,1,2024-08-30
Iowa,0,2024-08-30
Kansas,0,2024-08-30
Kentucky,0,2024-08-30
Louisiana,0,2024-08-30
Maine,0,2024-08-30
Maryland,0,2024-08-30
Massachusetts,0,2024-08-30
Michigan,1,2024-08-30
Minnesota,0,2024-08-30
Mississippi,0,2024-08-30
Missouri,0,2024-08-30
Montana,0,2024-08-30
Nebraska,0,2024-08-30
Nevada,0,2024-08-30
New Hampshire,0,2024-08-30
New Jersey,0,2024-08-30
New Mexico,0,2024-08-30
New York,39,2024-08-30
North Carolina,0,2024-08-30
North Dakota,0,2024-08-30
Ohio,0,2024-08-30
Oklahoma,0,2024-08-30
Oregon,0,2024-08-30
Pennsylvania,0,2024-08-30
Rhode Island,0,2024-08-30
South Carolina,0,2024-08-30
South Dakota,0,2024-08-30
Tennessee,0,2024-08-30
Texas,0,2024-08-30
Utah,0,2024-08-30
Vermont,0,2024-08-30
Virginia,0,2024-08-30
Washington,9,2024-08-30
West Virginia,0,2024-08-30
Wisconsin,1,2024-08-30
Wyoming,0,2024-08-30
DC,0,2024-08-30
Alabama,0,2024-08-31
Alaska,0,2024-08-31
Arizona,0,2024-08-31
Arkansas,0,2024-08-31
California,0,2024-08-31
Colorado,0,2024-08-31
Connecticut,1,2024-08-31
Delaware,0,2024-08-31
Florida,5,2024-08-31
Georgia,0,2024-08-31
Hawaii,1,2024-08-31
Idaho,0,2024-08-31
Illinois,0,2024-08-31
Indiana,0,2024-08-31
Iowa,0,2024-08-31
Kansas,0,2024-08-31
Kentucky,0,2024-08-31
Louisiana,0,2024-08-31
Maine,0,2024-08-31
Maryland,0,2024-08-31
Massachusetts,0,2024-08-31
Michigan,2,2024-08-31
Minnesota,3,2024-08-31
Mississippi,0,2024-08-31
Missouri,0,2024-08-31
Montana,0,2024-08-31
Nebraska,0,2024-08-31
Nevada,0,2024-08-31
New Hampshire,0,2024-08-31
New Jersey,0,2024-08-31
New Mexico,0,2024-08-31
New York,10,2024-08-31
North Carolina,3,2024-08-31
North Dakota,0,2024-08-31
Ohio,3,2024-08-31
Oklahoma,0,2024-08-31
Oregon,0,2024-08-31
Pennsylvania,7,2024-08-31
Rhode Island,0,2024-08-31
South Carolina,0,2024-08-31
South Dakota,0,2024-08-31
Tennessee,0,2024-08-31
Texas,0,2024-08-31
Utah,0,2024-08-31
Vermont,0,2024-08-31
Virginia,0,2024-08-31
Washington,2,2024-08-31
West Virginia,0,2024-08-31
Wisconsin,0,2024-08-31
Wyoming,0,2024-08-31
DC,0,2024-08-31
Alabama,0,2024-08-25
Alaska,0,2024-08-25
Arizona,4,2024-08-25
Arkansas,0,2024-08-25
California,0,2024-08-25
Colorado,0,2024-08-25
Connecticut,0,2024-08-25
Delaware,0,2024-08-25
Florida,0,2024-08-25
Georgia,0,2024-08-25
Hawaii,0,2024-08-25
Idaho,0,2024-08-25
Illinois,2,2024-08-25
Indiana,0,2024-08-25
Iowa,0,2024-08-25
Kansas,0,2024-08-25
Kentucky,0,2024-08-25
Louisiana,0,2024-08-25
Maine,0,2024-08-25
Maryland,0,2024-08-25
Massachusetts,0,2024-08-25
Michigan,1,2024-08-25
Minnesota,0,2024-08-25
Mississippi,0,2024-08-25
Missouri,0,2024-08-25
Montana,0,2024-08-25
Nebraska,0,2024-08-25
Nevada,0,2024-08-25
New Hampshire,0,2024-08-25
New Jersey,0,2024-08-25
New Mexico,0,2024-08-25
New York,0,2024-08-25
North Carolina,0,2024-08-25
North Dakota,0,2024-08-25
Ohio,0,2024-08-25
Oklahoma,0,2024-08-25
Oregon,0,2024-08-25
Pennsylvania,0,2024-08-25
Rhode Island,0,2024-08-25
South Carolina,0,2024-08-25
South Dakota,0,2024-08-25
Tennessee,0,2024-08-25
Texas,0,2024-08-25
Utah,0,2024-08-25
Vermont,0,2024-08-25
Virginia,0,2024-08-25
Washington,2,2024-08-25
West Virginia,0,2024-08-25
Wisconsin,0,2024-08-25
Wyoming,0,2024-08-25
DC,0,2024-08-25
Alabama,0,2024-08-19
Alaska,0,2024-08-19
Arizona,0,2024-08-19
Arkansas,0,2024-08-19
California,0,2024-08-19
Colorado,0,2024-08-19
Connecticut,0,2024-08-19
Delaware,0,2024-08-19
Florida,0,2024-08-19
Georgia,0,2024-08-19
Hawaii,0,2024-08-19
Idaho,0,2024-08-19
Illinois,0,2024-08-19
Indiana,0,2024-08-19
Iowa,1,2024-08-19
Kansas,0,2024-08-19
Kentucky,0,2024-08-19
Louisiana,0,2024-08-19
Maine,0,2024-08-19
Maryland,0,2024-08-19
Massachusetts,0,2024-08-19
Michigan,0,2024-08-19
Minnesota,10,2024-08-19
Mississippi,0,2024-08-19
Missouri,0,2024-08-19
Montana,0,2024-08-19
Nebraska,3,2024-08-19
Nevada,0,2024-08-19
New Hampshire,0,2024-08-19
New Jersey,0,2024-08-19
New Mexico,0,2024-08-19
New York,1,2024-08-19
North Carolina,3,2024-08-19
North Dakota,0,2024-08-19
Ohio,1,2024-08-19
Oklahoma,0,2024-08-19
Oregon,0,2024-08-19
Pennsylvania,9,2024-08-19
Rhode Island,0,2024-08-19
South Carolina,1,2024-08-19
South Dakota,0,2024-08-19
Tennessee,0,2024-08-19
Texas,0,2024-08-19
Utah,0,2024-08-19
Vermont,0,2024-08-19
Virginia,1,2024-08-19
Washington,14,2024-08-19
West Virginia,0,2024-08-19
Wisconsin,0,2024-08-19
Wyoming,0,2024-08-19
DC,0,2024-08-19
Alabama,0,2024-09-16
Alaska,0,2024-09-16
Arizona,0,2024-09-16
Arkansas,0,2024-09-16
California,0,2024-09-16
Colorado,0,2024-09-16
Connecticut,0,2024-09-16
Delaware,0,2024-09-16
Florida,19,2024-09-16
Georgia,0,2024-09-16
Hawaii,0,2024-09-16
Idaho,0,2024-09-16
Illinois,0,2024-09-16
Indiana,0,2024-09-16
Iowa,0,2024-09-16
Kansas,22,2024-09-16
Kentucky,0,2024-09-16
Louisiana,0,2024-09-16
Maine,0,2024-09-16
Maryland,1,2024-09-16
Massachusetts,0,2024-09-16
Michigan,0,2024-09-16
Minnesota,0,2024-09-16
Mississippi,0,2024-09-16
Missouri,0,2024-09-16
Montana,0,2024-09-16
Nebraska,0,2024-09-16
Nevada,0,2024-09-16
New Hampshire,0,2024-09-16
New Jersey,0,2024-09-16
New Mexico,0,2024-09-16
New York,0,2024-09-16
North Carolina,0,2024-09-16
North Dakota,0,2024-09-16
Ohio,0,2024-09-16
Oklahoma,0,2024-09-16
Oregon,0,2024-09-16
Pennsylvania,0,2024-09-16
Rhode Island,0,2024-09-16
South Carolina,0,2024-09-16
South Dakota,0,2024-09-16
Tennessee,0,2024-09-16
Texas,0,2024-09-16
Utah,0,2024-09-16
Vermont,0,2024-09-16
Virginia,0,2024-09-16
Washington,15,2024-09-16
West Virginia,0,2024-09-16
Wisconsin,0,2024-09-16
Wyoming,0,2024-09-16
DC,0,2024-09-16
Alabama,0,2024-09-02
Alaska,0,2024-09-02
Arizona,0,2024-09-02
Arkansas,0,2024-09-02
California,0,2024-09-02
Colorado,0,2024-09-02
Connecticut,0,2024-09-02
Delaware,0,2024-09-02
Florida,3,2024-09-02
Georgia,2,2024-09-02
Hawaii,0,2024-09-02
Idaho,0,2024-09-02
Illinois,0,2024-09-02
Indiana,0,2024-09-02
Iowa,0,2024-09-02
Kansas,1,2024-09-02
Kentucky,0,2024-09-02
Louisiana,0,2024-09-02
Maine,0,2024-09-02
Maryland,0,2024-09-02
Massachusetts,0,2024-09-02
Michigan,0,2024-09-02
Minnesota,0,2024-09-02
Mississippi,0,2024-09-02
Missouri,0,2024-09-02
Montana,0,2024-09-02
Nebraska,0,2024-09-02
Nevada,0,2024-09-02
New Hampshire,0,2024-09-02
New Jersey,0,2024-09-02
New Mexico,0,2024-09-02
New York,2,2024-09-02
North Carolina,9,2024-09-02
North Dakota,0,2024-09-02
Ohio,0,2024-09-02
Oklahoma,0,2024-09-02
Oregon,0,2024-09-02
Pennsylvania,3,2024-09-02
Rhode Island,0,2024-09-02
South Carolina,0,2024-09-02
South Dakota,0,2024-09-02
Tennessee,0,2024-09-02
Texas,0,2024-09-02
Utah,0,2024-09-02
Vermont,0,2024-09-02
Virginia,0,2024-09-02
Washington,10,2024-09-02
West Virginia,0,2024-09-02
Wisconsin,0,2024-09-02
Wyoming,0,2024-09-02
DC,0,2024-09-02
Alabama,0,2024-09-03
Alaska,0,2024-09-03
Arizona,0,2024-09-03
Arkansas,0,2024-09-03
California,1,2024-09-03
Colorado,0,2024-09-03
Connecticut,0,2024-09-03
Delaware,0,2024-09-03
Florida,0,2024-09-03
Georgia,1,2024-09-03
Hawaii,0,2024-09-03
Idaho,0,2024-09-03
Illinois,0,2024-09-03
Indiana,1,2024-09-03
Iowa,0,2024-09-03
Kansas,0,2024-09-03
Kentucky,0,2024-09-03
Louisiana,0,2024-09-03
Maine,0,2024-09-03
Maryland,0,2024-09-03
Massachusetts,0,2024-09-03
Michigan,0,2024-09-03
Minnesota,0,2024-09-03
Mississippi,0,2024-09-03
Missouri,0,2024-09-03
Montana,0,2024-09-03
Nebraska,0,2024-09-03
Nevada,0,2024-09-03
New Hampshire,2,2024-09-03
New Jersey,1,2024-09-03
New Mexico,0,2024-09-03
New York,0,2024-09-03
North Carolina,2,2024-09-03
North Dakota,0,2024-09-03
Ohio,0,2024-09-03
Oklahoma,0,2024-09-03
Oregon,0,2024-09-03
Pennsylvania,0,2024-09-03
Rhode Island,0,2024-09-03
South Carolina,0,2024-09-03
South Dakota,0,2024-09-03
Tennessee,0,2024-09-03
Texas,3,2024-09-03
Utah,0,2024-09-03
Vermont,0,2024-09-03
Virginia,3,2024-09-03
Washington,28,2024-09-03
West Virginia,0,2024-09-03
Wisconsin,0,2024-09-03
Wyoming,0,2024-09-03
DC,1,2024-09-03
Alabama,0,2024-09-17
Alaska,0,2024-09-17
Arizona,0,2024-09-17
Arkansas,0,2024-09-17
California,0,2024-09-17
Colorado,0,2024-09-17
Connecticut,0,2024-09-17
Delaware,0,2024-09-17
Florida,2,2024-09-17
Georgia,4,2024-09-17
Hawaii,0,2024-09-17
Idaho,0,2024-09-17
Illinois,0,2024-09-17
Indiana,0,2024-09-17
Iowa,0,2024-09-17
Kansas,0,2024-09-17
Kentucky,0,2024-09-17
Louisiana,0,2024-09-17
Maine,0,2024-09-17
Maryland,0,2024-09-17
Massachusetts,0,2024-09-17
Michigan,0,2024-09-17
Minnesota,0,2024-09-17
Mississippi,0,2024-09-17
Missouri,0,2024-09-17
Montana,0,2024-09-17
Nebraska,0,2024-09-17
Nevada,0,2024-09-17
New Hampshire,0,2024-09-17
New Jersey,0,2024-09-17
New Mexico,0,2024-09-17
New York,11,2024-09-17
North Carolina,0,2024-09-17
North Dakota,0,2024-09-17
Ohio,3,2024-09-17
Oklahoma,0,2024-09-17
Oregon,0,2024-09-17
Pennsylvania,1,2024-09-17
Rhode Island,0,2024-09-17
South Carolina,0,2024-09-17
South Dakota,0,2024-09-17
Tennessee,0,2024-09-17
Texas,0,2024-09-17
Utah,0,2024-09-17
Vermont,0,2024-09-17
Virginia,0,2024-09-17
Washington,11,2024-09-17
West Virginia,0,2024-09-17
Wisconsin,0,2024-09-17
Wyoming,0,2024-09-17
DC,0,2024-09-17
Alabama,0,2024-09-01
Alaska,0,2024-09-01
Arizona,0,2024-09-01
Arkansas,0,2024-09-01
California,0,2024-09-01
Colorado,0,2024-09-01
Connecticut,0,2024-09-01
Delaware,0,2024-09-01
Florida,0,2024-09-01
Georgia,2,2024-09-01
Hawaii,0,2024-09-01
Idaho,0,2024-09-01
Illinois,0,2024-09-01
Indiana,0,2024-09-01
Iowa,1,2024-09-01
Kansas,0,2024-09-01
Kentucky,0,2024-09-01
Louisiana,0,2024-09-01
Maine,0,2024-09-01
Maryland,0,2024-09-01
Massachusetts,0,2024-09-01
Michigan,0,2024-09-01
Minnesota,1,2024-09-01
Mississippi,0,2024-09-01
Missouri,0,2024-09-01
Montana,0,2024-09-01
Nebraska,0,2024-09-01
Nevada,0,2024-09-01
New Hampshire,0,2024-09-01
New Jersey,0,2024-09-01
New Mexico,0,2024-09-01
New York,1,2024-09-01
North Carolina,63,2024-09-01
North Dakota,0,2024-09-01
Ohio,0,2024-09-01
Oklahoma,0,2024-09-01
Oregon,0,2024-09-01
Pennsylvania,2,2024-09-01
Rhode Island,0,2024-09-01
South Carolina,0,2024-09-01
South Dakota,0,2024-09-01
Tennessee,0,2024-09-01
Texas,4,2024-09-01
Utah,0,2024-09-01
Vermont,0,2024-09-01
Virginia,0,2024-09-01
Washington,7,2024-09-01
West Virginia,0,2024-09-01
Wisconsin,0,2024-09-01
Wyoming,0,2024-09-01
DC,4,2024-09-01
Alabama,0,2024-09-15
Alaska,0,2024-09-15
Arizona,0,2024-09-15
Arkansas,0,2024-09-15
California,0,2024-09-15
Colorado,0,2024-09-15
Connecticut,0,2024-09-15
Delaware,0,2024-09-15
Florida,0,2024-09-15
Georgia,2,2024-09-15
Hawaii,0,2024-09-15
Idaho,0,2024-09-15
Illinois,0,2024-09-15
Indiana,0,2024-09-15
Iowa,0,2024-09-15
Kansas,13,2024-09-15
Kentucky,0,2024-09-15
Louisiana,0,2024-09-15
Maine,0,2024-09-15
Maryland,0,2024-09-15
Massachusetts,0,2024-09-15
Michigan,0,2024-09-15
Minnesota,1,2024-09-15
Mississippi,0,2024-09-15
Missouri,0,2024-09-15
Montana,0,2024-09-15
Nebraska,0,2024-09-15
Nevada,0,2024-09-15
New Hampshire,0,2024-09-15
New Jersey,0,2024-09-15
New Mexico,0,2024-09-15
New York,3,2024-09-15
North Carolina,0,2024-09-15
North Dakota,0,2024-09-15
Ohio,1,2024-09-15
Oklahoma,0,2024-09-15
Oregon,0,2024-09-15
Pennsylvania,33,2024-09-15
Rhode Island,0,2024-09-15
South Carolina,0,2024-09-15
South Dakota,0,2024-09-15
Tennessee,0,2024-09-15
Texas,0,2024-09-15
Utah,0,2024-09-15
Vermont,0,2024-09-15
Virginia,0,2024-09-15
Washington,9,2024-09-15
West Virginia,0,2024-09-15
Wisconsin,5,2024-09-15
Wyoming,0,2024-09-15
DC,0,2024-09-15
Alabama,0,2024-09-14
Alaska,0,2024-09-14
Arizona,0,2024-09-14
Arkansas,0,2024-09-14
California,0,2024-09-14
Colorado,1,2024-09-14
Connecticut,0,2024-09-14
Delaware,0,2024-09-14
Florida,0,2024-09-14
Georgia,0,2024-09-14
Hawaii,0,2024-09-14
Idaho,0,2024-09-14
Illinois,1,2024-09-14
Indiana,0,2024-09-14
Iowa,0,2024-09-14
Kansas,0,2024-09-14
Kentucky,0,2024-09-14
Louisiana,0,2024-09-14
Maine,0,2024-09-14
Maryland,0,2024-09-14
Massachusetts,0,2024-09-14
Michigan,0,2024-09-14
Minnesota,0,2024-09-14
Mississippi,0,2024-09-14
Missouri,0,2024-09-14
Montana,0,2024-09-14
Nebraska,0,2024-09-14
Nevada,3,2024-09-14
New Hampshire,0,2024-09-14
New Jersey,2,2024-09-14
New Mexico,0,2024-09-14
New York,14,2024-09-14
North Carolina,13,2024-09-14
North Dakota,0,2024-09-14
Ohio,0,2024-09-14
Oklahoma,0,2024-09-14
Oregon,0,2024-09-14
Pennsylvania,0,2024-09-14
Rhode Island,0,2024-09-14
South Carolina,0,2024-09-14
South Dakota,0,2024-09-14
Tennessee,0,2024-09-14
Texas,0,2024-09-14
Utah,0,2024-09-14
Vermont,0,2024-09-14
Virginia,0,2024-09-14
Washington,24,2024-09-14
West Virginia,0,2024-09-14
Wisconsin,0,2024-09-14
Wyoming,0,2024-09-14
DC,0,2024-09-14
Alabama,0,2024-09-28
Alaska,0,2024-09-28
Arizona,23,2024-09-28
Arkansas,0,2024-09-28
California,0,2024-09-28
Colorado,0,2024-09-28
Connecticut,0,2024-09-28
Delaware,0,2024-09-28
Florida,0,2024-09-28
Georgia,3,2024-09-28
Hawaii,0,2024-09-28
Idaho,0,2024-09-28
Illinois,0,2024-09-28
Indiana,0,2024-09-28
Iowa,0,2024-09-28
Kansas,0,2024-09-28
Kentucky,0,2024-09-28
Louisiana,0,2024-09-28
Maine,0,2024-09-28
Maryland,0,2024-09-28
Massachusetts,0,2024-09-28
Michigan,0,2024-09-28
Minnesota,2,2024-09-28
Mississippi,0,2024-09-28
Missouri,0,2024-09-28
Montana,0,2024-09-28
Nebraska,0,2024-09-28
Nevada,0,2024-09-28
New Hampshire,0,2024-09-28
New Jersey,0,2024-09-28
New Mexico,0,2024-09-28
New York,7,2024-09-28
North Carolina,6,2024-09-28
North Dakota,0,2024-09-28
Ohio,2,2024-09-28
Oklahoma,0,2024-09-28
Oregon,0,2024-09-28
Pennsylvania,2,2024-09-28
Rhode Island,0,2024-09-28
South Carolina,0,2024-09-28
South Dakota,0,2024-09-28
Tennessee,0,2024-09-28
Texas,1,2024-09-28
Utah,0,2024-09-28
Vermont,0,2024-09-28
Virginia,0,2024-09-28
Washington,5,2024-09-28
West Virginia,0,2024-09-28
Wisconsin,0,2024-09-28
Wyoming,0,2024-09-28
DC,1,2024-09-28
Alabama,0,2024-09-04
Alaska,0,2024-09-04
Arizona,1,2024-09-04
Arkansas,0,2024-09-04
California,0,2024-09-04
Colorado,0,2024-09-04
Connecticut,0,2024-09-04
Delaware,0,2024-09-04
Florida,2,2024-09-04
Georgia,2,2024-09-04
Hawaii,0,2024-09-04
Idaho,0,2024-09-04
Illinois,0,2024-09-04
Indiana,1,2024-09-04
Iowa,0,2024-09-04
Kansas,0,2024-09-04
Kentucky,0,2024-09-04
Louisiana,0,2024-09-04
Maine,0,2024-09-04
Maryland,1,2024-09-04
Massachusetts,0,2024-09-04
Michigan,0,2024-09-04
Minnesota,0,2024-09-04
Mississippi,0,2024-09-04
Missouri,0,2024-09-04
Montana,0,2024-09-04
Nebraska,0,2024-09-04
Nevada,0,2024-09-04
New Hampshire,0,2024-09-04
New Jersey,0,2024-09-04
New Mexico,0,2024-09-04
New York,0,2024-09-04
North Carolina,2,2024-09-04
North Dakota,0,2024-09-04
Ohio,0,2024-09-04
Oklahoma,0,2024-09-04
Oregon,0,2024-09-04
Pennsylvania,3,2024-09-04
Rhode Island,0,2024-09-04
South Carolina,0,2024-09-04
South Dakota,0,2024-09-04
Tennessee,0,2024-09-04
Texas,3,2024-09-04
Utah,0,2024-09-04
Vermont,0,2024-09-04
Virginia,0,2024-09-04
Washington,3,2024-09-04
West Virginia,0,2024-09-04
Wisconsin,1,2024-09-04
Wyoming,0,2024-09-04
DC,0,2024-09-04
Alabama,0,2024-09-10
Alaska,0,2024-09-10
Arizona,0,2024-09-10
Arkansas,0,2024-09-10
California,0,2024-09-10
Colorado,0,2024-09-10
Connecticut,0,2024-09-10
Delaware,0,2024-09-10
Florida,2,2024-09-10
Georgia,2,2024-09-10
Hawaii,0,2024-09-10
Idaho,0,2024-09-10
Illinois,0,2024-09-10
Indiana,0,2024-09-10
Iowa,0,2024-09-10
Kansas,0,2024-09-10
Kentucky,0,2024-09-10
Louisiana,0,2024-09-10
Maine,0,2024-09-10
Maryland,0,2024-09-10
Massachusetts,0,2024-09-10
Michigan,0,2024-09-10
Minnesota,0,2024-09-10
Mississippi,0,2024-09-10
Missouri,0,2024-09-10
Montana,0,2024-09-10
Nebraska,0,2024-09-10
Nevada,0,2024-09-10
New Hampshire,0,2024-09-10
New Jersey,0,2024-09-10
New Mexico,0,2024-09-10
New York,6,2024-09-10
North Carolina,0,2024-09-10
North Dakota,0,2024-09-10
Ohio,0,2024-09-10
Oklahoma,0,2024-09-10
Oregon,0,2024-09-10
Pennsylvania,1,2024-09-10
Rhode Island,0,2024-09-10
South Carolina,1,2024-09-10
South Dakota,0,2024-09-10
Tennessee,0,2024-09-10
Texas,0,2024-09-10
Utah,0,2024-09-10
Vermont,0,2024-09-10
Virginia,0,2024-09-10
Washington,4,2024-09-10
West Virginia,0,2024-09-10
Wisconsin,0,2024-09-10
Wyoming,0,2024-09-10
DC,0,2024-09-10
Alabama,0,2024-09-11
Alaska,0,2024-09-11
Arizona,0,2024-09-11
Arkansas,0,2024-09-11
California,0,2024-09-11
Colorado,0,2024-09-11
Connecticut,0,2024-09-11
Delaware,0,2024-09-11
Florida,0,2024-09-11
Georgia,0,2024-09-11
Hawaii,0,2024-09-11
Idaho,0,2024-09-11
Illinois,0,2024-09-11
Indiana,6,2024-09-11
Iowa,0,2024-09-11
Kansas,0,2024-09-11
Kentucky,0,2024-09-11
Louisiana,0,2024-09-11
Maine,0,2024-09-11
Maryland,0,2024-09-11
Massachusetts,0,2024-09-11
Michigan,0,2024-09-11
Minnesota,0,2024-09-11
Mississippi,0,2024-09-11
Missouri,0,2024-09-11
Montana,0,2024-09-11
Nebraska,0,2024-09-11
Nevada,0,2024-09-11
New Hampshire,0,2024-09-11
New Jersey,0,2024-09-11
New Mexico,0,2024-09-11
New York,2,2024-09-11
North Carolina,0,2024-09-11
North Dakota,0,2024-09-11
Ohio,0,2024-09-11
Oklahoma,0,2024-09-11
Oregon,0,2024-09-11
Pennsylvania,1,2024-09-11
Rhode Island,0,2024-09-11
South Carolina,0,2024-09-11
South Dakota,0,2024-09-11
Tennessee,0,2024-09-11
Texas,0,2024-09-11
Utah,0,2024-09-11
Vermont,0,2024-09-11
Virginia,1,2024-09-11
Washington,12,2024-09-11
West Virginia,0,2024-09-11
Wisconsin,0,2024-09-11
Wyoming,0,2024-09-11
DC,0,2024-09-11
Alabama,0,2024-09-05
Alaska,0,2024-09-05
Arizona,1,2024-09-05
Arkansas,0,2024-09-05
California,0,2024-09-05
Colorado,0,2024-09-05
Connecticut,0,2024-09-05
Delaware,0,2024-09-05
Florida,1,2024-09-05
Georgia,0,2024-09-05
Hawaii,0,2024-09-05
Idaho,0,2024-09-05
Illinois,0,2024-09-05
Indiana,0,2024-09-05
Iowa,0,2024-09-05
Kansas,1,2024-09-05
Kentucky,0,2024-09-05
Louisiana,0,2024-09-05
Maine,0,2024-09-05
Maryland,0,2024-09-05
Massachusetts,0,2024-09-05
Michigan,0,2024-09-05
Minnesota,1,2024-09-05
Mississippi,0,2024-09-05
Missouri,0,2024-09-05
Montana,0,2024-09-05
Nebraska,0,2024-09-05
Nevada,0,2024-09-05
New Hampshire,0,2024-09-05
New Jersey,0,2024-09-05
New Mexico,0,2024-09-05
New York,1,2024-09-05
North Carolina,0,2024-09-05
North Dakota,0,2024-09-05
Ohio,0,2024-09-05
Oklahoma,0,2024-09-05
Oregon,0,2024-09-05
Pennsylvania,6,2024-09-05
Rhode Island,0,2024-09-05
South Carolina,0,2024-09-05
South Dakota,0,2024-09-05
Tennessee,3,2024-09-05
Texas,0,2024-09-05
Utah,0,2024-09-05
Vermont,0,2024-09-05
Virginia,0,2024-09-05
Washington,25,2024-09-05
West Virginia,0,2024-09-05
Wisconsin,2,2024-09-05
Wyoming,2,2024-09-05
DC,12,2024-09-05
Alabama,0,2024-09-13
Alaska,0,2024-09-13
Arizona,1,2024-09-13
Arkansas,0,2024-09-13
California,0,2024-09-13
Colorado,0,2024-09-13
Connecticut,0,2024-09-13
Delaware,0,2024-09-13
Florida,0,2024-09-13
Georgia,30,2024-09-13
Hawaii,0,2024-09-13
Idaho,1,2024-09-13
Illinois,0,2024-09-13
Indiana,0,2024-09-13
Iowa,0,2024-09-13
Kansas,0,2024-09-13
Kentucky,0,2024-09-13
Louisiana,0,2024-09-13
Maine,0,2024-09-13
Maryland,0,2024-09-13
Massachusetts,0,2024-09-13
Michigan,0,2024-09-13
Minnesota,1,2024-09-13
Mississippi,0,2024-09-13
Missouri,0,2024-09-13
Montana,0,2024-09-13
Nebraska,0,2024-09-13
Nevada,25,2024-09-13
New Hampshire,0,2024-09-13
New Jersey,0,2024-09-13
New Mexico,0,2024-09-13
New York,1,2024-09-13
North Carolina,1,2024-09-13
North Dakota,0,2024-09-13
Ohio,0,2024-09-13
Oklahoma,0,2024-09-13
Oregon,0,2024-09-13
Pennsylvania,1,2024-09-13
Rhode Island,0,2024-09-13
South Carolina,0,2024-09-13
South Dakota,0,2024-09-13
Tennessee,0,2024-09-13
Texas,0,2024-09-13
Utah,0,2024-09-13
Vermont,0,2024-09-13
Virginia,0,2024-09-13
Washington,3,2024-09-13
West Virginia,0,2024-09-13
Wisconsin,0,2024-09-13
Wyoming,0,2024-09-13
DC,0,2024-09-13
Alabama,0,2024-09-07
Alaska,0,2024-09-07
Arizona,3,2024-09-07
Arkansas,0,2024-09-07
California,0,2024-09-07
Colorado,0,2024-09-07
Connecticut,0,2024-09-07
Delaware,0,2024-09-07
Florida,0,2024-09-07
Georgia,2,2024-09-07
Hawaii,0,2024-09-07
Idaho,0,2024-09-07
Illinois,0,2024-09-07
Indiana,0,2024-09-07
Iowa,0,2024-09-07
Kansas,0,2024-09-07
Kentucky,0,2024-09-07
Louisiana,0,2024-09-07
Maine,0,2024-09-07
Maryland,0,2024-09-07
Massachusetts,0,2024-09-07
Michigan,0,2024-09-07
Minnesota,1,2024-09-07
Mississippi,0,2024-09-07
Missouri,0,2024-09-07
Montana,0,2024-09-07
Nebraska,0,2024-09-07
Nevada,0,2024-09-07
New Hampshire,0,2024-09-07
New Jersey,0,2024-09-07
New Mexico,0,2024-09-07
New York,18,2024-09-07
North Carolina,0,2024-09-07
North Dakota,0,2024-09-07
Ohio,0,2024-09-07
Oklahoma,0,2024-09-07
Oregon,0,2024-09-07
Pennsylvania,0,2024-09-07
Rhode Island,0,2024-09-07
South Carolina,0,2024-09-07
South Dakota,0,2024-09-07
Tennessee,0,2024-09-07
Texas,1,2024-09-07
Utah,0,2024-09-07
Vermont,0,2024-09-07
Virginia,5,2024-09-07
Washington,4,2024-09-07
West Virginia,0,2024-09-07
Wisconsin,0,2024-09-07
Wyoming,0,2024-09-07
DC,0,2024-09-07
Alabama,0,2024-09-06
Alaska,0,2024-09-06
Arizona,0,2024-09-06
Arkansas,0,2024-09-06
California,0,2024-09-06
Colorado,0,2024-09-06
Connecticut,0,2024-09-06
Delaware,0,2024-09-06
Florida,0,2024-09-06
Georgia,73,2024-09-06
Hawaii,0,2024-09-06
Idaho,0,2024-09-06
Illinois,0,2024-09-06
Indiana,0,2024-09-06
Iowa,0,2024-09-06
Kansas,0,2024-09-06
Kentucky,0,2024-09-06
Louisiana,0,2024-09-06
Maine,0,2024-09-06
Maryland,0,2024-09-06
Massachusetts,0,2024-09-06
Michigan,0,2024-09-06
Minnesota,1,2024-09-06
Mississippi,0,2024-09-06
Missouri,0,2024-09-06
Montana,0,2024-09-06
Nebraska,0,2024-09-06
Nevada,1,2024-09-06
New Hampshire,0,2024-09-06
New Jersey,0,2024-09-06
New Mexico,0,2024-09-06
New York,2,2024-09-06
North Carolina,4,2024-09-06
North Dakota,0,2024-09-06
Ohio,0,2024-09-06
Oklahoma,0,2024-09-06
Oregon,0,2024-09-06
Pennsylvania,1,2024-09-06
Rhode Island,0,2024-09-06
South Carolina,0,2024-09-06
South Dakota,0,2024-09-06
Tennessee,0,2024-09-06
Texas,0,2024-09-06
Utah,0,2024-09-06
Vermont,0,2024-09-06
Virginia,2,2024-09-06
Washington,2,2024-09-06
West Virginia,0,2024-09-06
Wisconsin,0,2024-09-06
Wyoming,0,2024-09-06
DC,0,2024-09-06
Alabama,0,2024-09-12
Alaska,0,2024-09-12
Arizona,0,2024-09-12
Arkansas,0,2024-09-12
California,0,2024-09-12
Colorado,0,2024-09-12
Connecticut,0,2024-09-12
Delaware,0,2024-09-12
Florida,0,2024-09-12
Georgia,0,2024-09-12
Hawaii,0,2024-09-12
Idaho,0,2024-09-12
Illinois,0,2024-09-12
Indiana,0,2024-09-12
Iowa,0,2024-09-12
Kansas,1,2024-09-12
Kentucky,0,2024-09-12
Louisiana,13,2024-09-12
Maine,0,2024-09-12
Maryland,0,2024-09-12
Massachusetts,0,2024-09-12
Michigan,0,2024-09-12
Minnesota,0,2024-09-12
Mississippi,0,2024-09-12
Missouri,0,2024-09-12
Montana,0,2024-09-12
Nebraska,0,2024-09-12
Nevada,0,2024-09-12
New Hampshire,0,2024-09-12
New Jersey,0,2024-09-12
New Mexico,0,2024-09-12
New York,32,2024-09-12
North Carolina,0,2024-09-12
North Dakota,0,2024-09-12
Ohio,0,2024-09-12
Oklahoma,0,2024-09-12
Oregon,0,2024-09-12
Pennsylvania,0,2024-09-12
Rhode Island,0,2024-09-12
South Carolina,0,2024-09-12
South Dakota,0,2024-09-12
Tennessee,0,2024-09-12
Texas,0,2024-09-12
Utah,0,2024-09-12
Vermont,0,2024-09-12
Virginia,0,2024-09-12
Washington,0,2024-09-12
West Virginia,0,2024-09-12
Wisconsin,0,2024-09-12
Wyoming,0,2024-09-12
DC,0,2024-09-12
Alabama,0,2024-09-23
Alaska,0,2024-09-23
Arizona,0,2024-09-23
Arkansas,0,2024-09-23
California,0,2024-09-23
Colorado,1,2024-09-23
Connecticut,0,2024-09-23
Delaware,1,2024-09-23
Florida,0,2024-09-23
Georgia,7,2024-09-23
Hawaii,0,2024-09-23
Idaho,0,2024-09-23
Illinois,0,2024-09-23
Indiana,0,2024-09-23
Iowa,2,2024-09-23
Kansas,0,2024-09-23
Kentucky,0,2024-09-23
Louisiana,0,2024-09-23
Maine,0,2024-09-23
Maryland,0,2024-09-23
Massachusetts,0,2024-09-23
Michigan,14,2024-09-23
Minnesota,0,2024-09-23
Mississippi,0,2024-09-23
Missouri,0,2024-09-23
Montana,0,2024-09-23
Nebraska,0,2024-09-23
Nevada,0,2024-09-23
New Hampshire,0,2024-09-23
New Jersey,0,2024-09-23
New Mexico,0,2024-09-23
New York,1,2024-09-23
North Carolina,0,2024-09-23
North Dakota,0,2024-09-23
Ohio,2,2024-09-23
Oklahoma,0,2024-09-23
Oregon,0,2024-09-23
Pennsylvania,1,2024-09-23
Rhode Island,0,2024-09-23
South Carolina,0,2024-09-23
South Dakota,0,2024-09-23
Tennessee,0,2024-09-23
Texas,0,2024-09-23
Utah,0,2024-09-23
Vermont,0,2024-09-23
Virginia,0,2024-09-23
Washington,1,2024-09-23
West Virginia,0,2024-09-23
Wisconsin,0,2024-09-23
Wyoming,0,2024-09-23
DC,0,2024-09-23
Alabama,0,2024-09-22
Alaska,0,2024-09-22
Arizona,1,2024-09-22
Arkansas,0,2024-09-22
California,1,2024-09-22
Colorado,1,2024-09-22
Connecticut,0,2024-09-22
Delaware,0,2024-09-22
Florida,0,2024-09-22
Georgia,6,2024-09-22
Hawaii,0,2024-09-22
Idaho,0,2024-09-22
Illinois,0,2024-09-22
Indiana,10,2024-09-22
Iowa,2,2024-09-22
Kansas,0,2024-09-22
Kentucky,0,2024-09-22
Louisiana,0,2024-09-22
Maine,1,2024-09-22
Maryland,0,2024-09-22
Massachusetts,0,2024-09-22
Michigan,2,2024-09-22
Minnesota,0,2024-09-22
Mississippi,0,2024-09-22
Missouri,0,2024-09-22
Montana,0,2024-09-22
Nebraska,2,2024-09-22
Nevada,2,2024-09-22
New Hampshire,0,2024-09-22
New Jersey,0,2024-09-22
New Mexico,0,2024-09-22
New York,0,2024-09-22
North Carolina,1,2024-09-22
North Dakota,0,2024-09-22
Ohio,1,2024-09-22
Oklahoma,0,2024-09-22
Oregon,0,2024-09-22
Pennsylvania,6,2024-09-22
Rhode Island,0,2024-09-22
South Carolina,0,2024-09-22
South Dakota,0,2024-09-22
Tennessee,0,2024-09-22
Texas,0,2024-09-22
Utah,0,2024-09-22
Vermont,0,2024-09-22
Virginia,0,2024-09-22
Washington,5,2024-09-22
West Virginia,0,2024-09-22
Wisconsin,2,2024-09-22
Wyoming,0,2024-09-22
DC,0,2024-09-22
Alabama,0,2024-09-08
Alaska,0,2024-09-08
Arizona,0,2024-09-08
Arkansas,0,2024-09-08
California,0,2024-09-08
Colorado,0,2024-09-08
Connecticut,0,2024-09-08
Delaware,0,2024-09-08
Florida,0,2024-09-08
Georgia,3,2024-09-08
Hawaii,0,2024-09-08
Idaho,0,2024-09-08
Illinois,0,2024-09-08
Indiana,0,2024-09-08
Iowa,0,2024-09-08
Kansas,0,2024-09-08
Kentucky,0,2024-09-08
Louisiana,0,2024-09-08
Maine,0,2024-09-08
Maryland,0,2024-09-08
Massachusetts,0,2024-09-08
Michigan,2,2024-09-08
Minnesota,0,2024-09-08
Mississippi,0,2024-09-08
Missouri,0,2024-09-08
Montana,0,2024-09-08
Nebraska,0,2024-09-08
Nevada,0,2024-09-08
New Hampshire,0,2024-09-08
New Jersey,0,2024-09-08
New Mexico,0,2024-09-08
New York,0,2024-09-08
North Carolina,2,2024-09-08
North Dakota,0,2024-09-08
Ohio,0,2024-09-08
Oklahoma,0,2024-09-08
Oregon,0,2024-09-08
Pennsylvania,1,2024-09-08
Rhode Island,0,2024-09-08
South Carolina,1,2024-09-08
South Dakota,0,2024-09-08
Tennessee,0,2024-09-08
Texas,0,2024-09-08
Utah,2,2024-09-08
Vermont,0,2024-09-08
Virginia,0,2024-09-08
Washington,7,2024-09-08
West Virginia,0,2024-09-08
Wisconsin,0,2024-09-08
Wyoming,1,2024-09-08
DC,0,2024-09-08
Alabama,0,2024-09-20
Alaska,0,2024-09-20
Arizona,0,2024-09-20
Arkansas,0,2024-09-20
California,6,2024-09-20
Colorado,0,2024-09-20
Connecticut,0,2024-09-20
Delaware,0,2024-09-20
Florida,0,2024-09-20
Georgia,2,2024-09-20
Hawaii,0,2024-09-20
Idaho,0,2024-09-20
Illinois,3,2024-09-20
Indiana,0,2024-09-20
Iowa,0,2024-09-20
Kansas,0,2024-09-20
Kentucky,0,2024-09-20
Louisiana,0,2024-09-20
Maine,0,2024-09-20
Maryland,0,2024-09-20
Massachusetts,0,2024-09-20
Michigan,1,2024-09-20
Minnesota,50,2024-09-20
Mississippi,0,2024-09-20
Missouri,1,2024-09-20
Montana,0,2024-09-20
Nebraska,2,2024-09-20
Nevada,0,2024-09-20
New Hampshire,0,2024-09-20
New Jersey,0,2024-09-20
New Mexico,0,2024-09-20
New York,12,2024-09-20
North Carolina,1,2024-09-20
North Dakota,0,2024-09-20
Ohio,0,2024-09-20
Oklahoma,3,2024-09-20
Oregon,0,2024-09-20
Pennsylvania,0,2024-09-20
Rhode Island,0,2024-09-20
South Carolina,0,2024-09-20
South Dakota,0,2024-09-20
Tennessee,0,2024-09-20
Texas,4,2024-09-20
Utah,0,2024-09-20
Vermont,0,2024-09-20
Virginia,0,2024-09-20
Washington,14,2024-09-20
West Virginia,0,2024-09-20
Wisconsin,0,2024-09-20
Wyoming,0,2024-09-20
DC,0,2024-09-20
Alabama,0,2024-09-21
Alaska,0,2024-09-21
Arizona,2,2024-09-21
Arkansas,0,2024-09-21
California,0,2024-09-21
Colorado,0,2024-09-21
Connecticut,0,2024-09-21
Delaware,0,2024-09-21
Florida,1,2024-09-21
Georgia,4,2024-09-21
Hawaii,0,2024-09-21
Idaho,0,2024-09-21
Illinois,0,2024-09-21
Indiana,0,2024-09-21
Iowa,2,2024-09-21
Kansas,0,2024-09-21
Kentucky,0,2024-09-21
Louisiana,0,2024-09-21
Maine,0,2024-09-21
Maryland,0,2024-09-21
Massachusetts,0,2024-09-21
Michigan,0,2024-09-21
Minnesota,10,2024-09-21
Mississippi,0,2024-09-21
Missouri,0,2024-09-21
Montana,0,2024-09-21
Nebraska,0,2024-09-21
Nevada,0,2024-09-21
New Hampshire,0,2024-09-21
New Jersey,0,2024-09-21
New Mexico,0,2024-09-21
New York,9,2024-09-21
North Carolina,3,2024-09-21
North Dakota,0,2024-09-21
Ohio,0,2024-09-21
Oklahoma,0,2024-09-21
Oregon,0,2024-09-21
Pennsylvania,0,2024-09-21
Rhode Island,0,2024-09-21
South Carolina,0,2024-09-21
South Dakota,5,2024-09-21
Tennessee,0,2024-09-21
Texas,0,2024-09-21
Utah,0,2024-09-21
Vermont,0,2024-09-21
Virginia,5,2024-09-21
Washington,3,2024-09-21
West Virginia,0,2024-09-21
Wisconsin,1,2024-09-21
Wyoming,0,2024-09-21
DC,0,2024-09-21
Alabama,0,2024-09-09
Alaska,0,2024-09-09
Arizona,0,2024-09-09
Arkansas,0,2024-09-09
California,0,2024-09-09
Colorado,0,2024-09-09
Connecticut,0,2024-09-09
Delaware,0,2024-09-09
Florida,2400,2024-09-09
Georgia,0,2024-09-09
Hawaii,0,2024-09-09
Idaho,0,2024-09-09
Illinois,0,2024-09-09
Indiana,0,2024-09-09
Iowa,0,2024-09-09
Kansas,0,2024-09-09
Kentucky,0,2024-09-09
Louisiana,0,2024-09-09
Maine,0,2024-09-09
Maryland,300,2024-09-09
Massachusetts,0,2024-09-09
Michigan,0,2024-09-09
Minnesota,0,2024-09-09
Mississippi,0,2024-09-09
Missouri,0,2024-09-09
Montana,0,2024-09-09
Nebraska,0,2024-09-09
Nevada,0,2024-09-09
New Hampshire,0,2024-09-09
New Jersey,0,2024-09-09
New Mexico,0,2024-09-09
New York,600,2024-09-09
North Carolina,0,2024-09-09
North Dakota,0,2024-09-09
Ohio,0,2024-09-09
Oklahoma,0,2024-09-09
Oregon,0,2024-09-09
Pennsylvania,514,2024-09-09
Rhode Island,0,2024-09-09
South Carolina,0,2024-09-09
South Dakota,0,2024-09-09
Tennessee,0,2024-09-09
Texas,0,2024-09-09
Utah,0,2024-09-09
Vermont,0,2024-09-09
Virginia,0,2024-09-09
Washington,100,2024-09-09
West Virginia,0,2024-09-09
Wisconsin,1228,2024-09-09
Wyoming,0,2024-09-09
DC,0,2024-09-09
Alabama,0,2024-09-25
Alaska,0,2024-09-25
Arizona,1,2024-09-25
Arkansas,0,2024-09-25
California,0,2024-09-25
Colorado,0,2024-09-25
Connecticut,0,2024-09-25
Delaware,0,2024-09-25
Florida,0,2024-09-25
Georgia,0,2024-09-25
Hawaii,0,2024-09-25
Idaho,0,2024-09-25
Illinois,0,2024-09-25
Indiana,0,2024-09-25
Iowa,0,2024-09-25
Kansas,2,2024-09-25
Kentucky,0,2024-09-25
Louisiana,0,2024-09-25
Maine,0,2024-09-25
Maryland,0,2024-09-25
Massachusetts,0,2024-09-25
Michigan,0,2024-09-25
Minnesota,1,2024-09-25
Mississippi,0,2024-09-25
Missouri,0,2024-09-25
Montana,0,2024-09-25
Nebraska,4,2024-09-25
Nevada,0,2024-09-25
New Hampshire,0,2024-09-25
New Jersey,0,2024-09-25
New Mexico,0,2024-09-25
New York,19,2024-09-25
North Carolina,0,2024-09-25
North Dakota,0,2024-09-25
Ohio,0,2024-09-25
Oklahoma,0,2024-09-25
Oregon,0,2024-09-25
Pennsylvania,1,2024-09-25
Rhode Island,0,2024-09-25
South Carolina,1,2024-09-25
South Dakota,1,2024-09-25
Tennessee,0,2024-09-25
Texas,0,2024-09-25
Utah,0,2024-09-25
Vermont,0,2024-09-25
Virginia,4,2024-09-25
Washington,0,2024-09-25
West Virginia,3,2024-09-25
Wisconsin,0,2024-09-25
Wyoming,0,2024-09-25
DC,0,2024-09-25
Alabama,0,2024-09-19
Alaska,0,2024-09-19
Arizona,2,2024-09-19
Arkansas,0,2024-09-19
California,0,2024-09-19
Colorado,0,2024-09-19
Connecticut,0,2024-09-19
Delaware,0,2024-09-19
Florida,0,2024-09-19
Georgia,4,2024-09-19
Hawaii,0,2024-09-19
Idaho,0,2024-09-19
Illinois,0,2024-09-19
Indiana,0,2024-09-19
Iowa,1,2024-09-19
Kansas,0,2024-09-19
Kentucky,0,2024-09-19
Louisiana,0,2024-09-19
Maine,1,2024-09-19
Maryland,2,2024-09-19
Massachusetts,0,2024-09-19
Michigan,0,2024-09-19
Minnesota,0,2024-09-19
Mississippi,0,2024-09-19
Missouri,0,2024-09-19
Montana,0,2024-09-19
Nebraska,0,2024-09-19
Nevada,0,2024-09-19
New Hampshire,0,2024-09-19
New Jersey,0,2024-09-19
New Mexico,0,2024-09-19
New York,6,2024-09-19
North Carolina,1,2024-09-19
North Dakota,0,2024-09-19
Ohio,0,2024-09-19
Oklahoma,0,2024-09-19
Oregon,0,2024-09-19
Pennsylvania,2,2024-09-19
Rhode Island,0,2024-09-19
South Carolina,0,2024-09-19
South Dakota,0,2024-09-19
Tennessee,0,2024-09-19
Texas,0,2024-09-19
Utah,0,2024-09-19
Vermont,0,2024-09-19
Virginia,0,2024-09-19
Washington,9,2024-09-19
West Virginia,0,2024-09-19
Wisconsin,0,2024-09-19
Wyoming,0,2024-09-19
DC,0,2024-09-19
Alabama,0,2024-09-18
Alaska,0,2024-09-18
Arizona,0,2024-09-18
Arkansas,0,2024-09-18
California,0,2024-09-18
Colorado,0,2024-09-18
Connecticut,0,2024-09-18
Delaware,0,2024-09-18
Florida,0,2024-09-18
Georgia,0,2024-09-18
Hawaii,0,2024-09-18
Idaho,0,2024-09-18
Illinois,0,2024-09-18
Indiana,0,2024-09-18
Iowa,1,2024-09-18
Kansas,0,2024-09-18
Kentucky,0,2024-09-18
Louisiana,0,2024-09-18
Maine,1,2024-09-18
Maryland,2,2024-09-18
Massachusetts,0,2024-09-18
Michigan,0,2024-09-18
Minnesota,2,2024-09-18
Mississippi,0,2024-09-18
Missouri,0,2024-09-18
Montana,0,2024-09-18
Nebraska,0,2024-09-18
Nevada,0,2024-09-18
New Hampshire,0,2024-09-18
New Jersey,0,2024-09-18
New Mexico,0,2024-09-18
New York,0,2024-09-18
North Carolina,1,2024-09-18
North Dakota,0,2024-09-18
Ohio,0,2024-09-18
Oklahoma,0,2024-09-18
Oregon,1,2024-09-18
Pennsylvania,1,2024-09-18
Rhode Island,0,2024-09-18
South Carolina,1,2024-09-18
South Dakota,0,2024-09-18
Tennessee,0,2024-09-18
Texas,3,2024-09-18
Utah,0,2024-09-18
Vermont,0,2024-09-18
Virginia,0,2024-09-18
Washington,21,2024-09-18
West Virginia,0,2024-09-18
Wisconsin,0,2024-09-18
Wyoming,0,2024-09-18
DC,0,2024-09-18
Alabama,0,2024-09-24
Alaska,0,2024-09-24
Arizona,2,2024-09-24
Arkansas,0,2024-09-24
California,0,2024-09-24
Colorado,0,2024-09-24
Connecticut,0,2024-09-24
Delaware,0,2024-09-24
Florida,0,2024-09-24
Georgia,0,2024-09-24
Hawaii,0,2024-09-24
Idaho,0,2024-09-24
Illinois,0,2024-09-24
Indiana,0,2024-09-24
Iowa,0,2024-09-24
Kansas,0,2024-09-24
Kentucky,0,2024-09-24
Louisiana,0,2024-09-24
Maine,0,2024-09-24
Maryland,0,2024-09-24
Massachusetts,0,2024-09-24
Michigan,0,2024-09-24
Minnesota,0,2024-09-24
Mississippi,0,2024-09-24
Missouri,0,2024-09-24
Montana,0,2024-09-24
Nebraska,3,2024-09-24
Nevada,0,2024-09-24
New Hampshire,0,2024-09-24
New Jersey,0,2024-09-24
New Mexico,0,2024-09-24
New York,2,2024-09-24
North Carolina,1,2024-09-24
North Dakota,0,2024-09-24
Ohio,0,2024-09-24
Oklahoma,0,2024-09-24
Oregon,0,2024-09-24
Pennsylvania,3,2024-09-24
Rhode Island,0,2024-09-24
South Carolina,0,2024-09-24
South Dakota,0,2024-09-24
Tennessee,0,2024-09-24
Texas,0,2024-09-24
Utah,0,2024-09-24
Vermont,0,2024-09-24
Virginia,0,2024-09-24
Washington,3,2024-09-24
West Virginia,0,2024-09-24
Wisconsin,0,2024-09-24
Wyoming,0,2024-09-24
DC,1,2024-09-24
Alabama,1,2024-09-26
Alaska,0,2024-09-26
Arizona,1,2024-09-26
Arkansas,0,2024-09-26
California,0,2024-09-26
Colorado,0,2024-09-26
Connecticut,0,2024-09-26
Delaware,0,2024-09-26
Florida,1,2024-09-26
Georgia,0,2024-09-26
Hawaii,0,2024-09-26
Idaho,0,2024-09-26
Illinois,0,2024-09-26
Indiana,0,2024-09-26
Iowa,0,2024-09-26
Kansas,0,2024-09-26
Kentucky,0,2024-09-26
Louisiana,0,2024-09-26
Maine,0,2024-09-26
Maryland,0,2024-09-26
Massachusetts,0,2024-09-26
Michigan,15,2024-09-26
Minnesota,0,2024-09-26
Mississippi,0,2024-09-26
Missouri,0,2024-09-26
Montana,0,2024-09-26
Nebraska,0,2024-09-26
Nevada,0,2024-09-26
New Hampshire,0,2024-09-26
New Jersey,0,2024-09-26
New Mexico,0,2024-09-26
New York,2,2024-09-26
North Carolina,0,2024-09-26
North Dakota,0,2024-09-26
Ohio,0,2024-09-26
Oklahoma,0,2024-09-26
Oregon,0,2024-09-26
Pennsylvania,34,2024-09-26
Rhode Island,0,2024-09-26
South Carolina,0,2024-09-26
South Dakota,0,2024-09-26
Tennessee,0,2024-09-26
Texas,2,2024-09-26
Utah,0,2024-09-26
Vermont,0,2024-09-26
Virginia,0,2024-09-26
Washington,0,2024-09-26
West Virginia,0,2024-09-26
Wisconsin,0,2024-09-26
Wyoming,0,2024-09-26
DC,0,2024-09-26
Alabama,0,2024-09-27
Alaska,0,2024-09-27
Arizona,2,2024-09-27
Arkansas,0,2024-09-27
California,1,2024-09-27
Colorado,0,2024-09-27
Connecticut,0,2024-09-27
Delaware,0,2024-09-27
Florida,2,2024-09-27
Georgia,3,2024-09-27
Hawaii,0,2024-09-27
Idaho,0,2024-09-27
Illinois,0,2024-09-27
Indiana,0,2024-09-27
Iowa,0,2024-09-27
Kansas,2,2024-09-27
Kentucky,0,2024-09-27
Louisiana,0,2024-09-27
Maine,0,2024-09-27
Maryland,0,2024-09-27
Massachusetts,0,2024-09-27
Michigan,2,2024-09-27
Minnesota,0,2024-09-27
Mississippi,0,2024-09-27
Missouri,0,2024-09-27
Montana,0,2024-09-27
Nebraska,2,2024-09-27
Nevada,0,2024-09-27
New Hampshire,0,2024-09-27
New Jersey,0,2024-09-27
New Mexico,0,2024-09-27
New York,10,2024-09-27
North Carolina,11,2024-09-27
North Dakota,0,2024-09-27
Ohio,0,2024-09-27
Oklahoma,0,2024-09-27
Oregon,0,2024-09-27
Pennsylvania,5,2024-09-27
Rhode Island,0,2024-09-27
South Carolina,0,2024-09-27
South Dakota,0,2024-09-27
Tennessee,0,2024-09-27
Texas,1,2024-09-27
Utah,0,2024-09-27
Vermont,0,2024-09-27
Virginia,0,2024-09-27
Washington,8,2024-09-27
West Virginia,0,2024-09-27
Wisconsin,1,2024-09-27
Wyoming,0,2024-09-27
DC,2,2024-09-27
Alabama,0,2024-08-14
Alaska,0,2024-08-14
Arizona,3,2024-08-14
Arkansas,0,2024-08-14
California,4,2024-08-14
Colorado,0,2024-08-14
Connecticut,0,2024-08-14
Delaware,0,2024-08-14
Florida,1,2024-08-14
Georgia,1,2024-08-14
Hawaii,0,2024-08-14
Idaho,0,2024-08-14
Illinois,0,2024-08-14
Indiana,0,2024-08-14
Iowa,0,2024-08-14
Kansas,0,2024-08-14
Kentucky,0,2024-08-14
Louisiana,0,2024-08-14
Maine,0,2024-08-14
Maryland,2,2024-08-14
Massachusetts,0,2024-08-14
Michigan,1,2024-08-14
Minnesota,2,2024-08-14
Mississippi,0,2024-08-14
Missouri,1,2024-08-14
Montana,0,2024-08-14
Nebraska,13,2024-08-14
Nevada,0,2024-08-14
New Hampshire,0,2024-08-14
New Jersey,1,2024-08-14
New Mexico,0,2024-08-14
New York,12,2024-08-14
North Carolina,0,2024-08-14
North Dakota,0,2024-08-14
Ohio,0,2024-08-14
Oklahoma,0,2024-08-14
Oregon,0,2024-08-14
Pennsylvania,1,2024-08-14
Rhode Island,0,2024-08-14
South Carolina,0,2024-08-14
South Dakota,0,2024-08-14
Tennessee,0,2024-08-14
Texas,0,2024-08-14
Utah,0,2024-08-14
Vermont,2,2024-08-14
Virginia,0,2024-08-14
Washington,0,2024-08-14
West Virginia,0,2024-08-14
Wisconsin,4,2024-08-14
Wyoming,0,2024-08-14
DC,0,2024-08-14
Alabama,0,2024-08-28
Alaska,0,2024-08-28
Arizona,0,2024-08-28
Arkansas,0,2024-08-28
California,12,2024-08-28
Colorado,0,2024-08-28
Connecticut,0,2024-08-28
Delaware,0,2024-08-28
Florida,1,2024-08-28
Georgia,5,2024-08-28
Hawaii,0,2024-08-28
Idaho,0,2024-08-28
Illinois,0,2024-08-28
Indiana,0,2024-08-28
Iowa,0,2024-08-28
Kansas,0,2024-08-28
Kentucky,0,2024-08-28
Louisiana,0,2024-08-28
Maine,0,2024-08-28
Maryland,0,2024-08-28
Massachusetts,0,2024-08-28
Michigan,9,2024-08-28
Minnesota,3,2024-08-28
Mississippi,0,2024-08-28
Missouri,0,2024-08-28
Montana,0,2024-08-28
Nebraska,0,2024-08-28
Nevada,9,2024-08-28
New Hampshire,0,2024-08-28
New Jersey,0,2024-08-28
New Mexico,0,2024-08-28
New York,0,2024-08-28
North Carolina,9,2024-08-28
North Dakota,0,2024-08-28
Ohio,0,2024-08-28
Oklahoma,0,2024-08-28
Oregon,0,2024-08-28
Pennsylvania,0,2024-08-28
Rhode Island,0,2024-08-28
South Carolina,0,2024-08-28
South Dakota,0,2024-08-28
Tennessee,0,2024-08-28
Texas,1,2024-08-28
Utah,0,2024-08-28
Vermont,0,2024-08-28
Virginia,0,2024-08-28
Washington,6,2024-08-28
West Virginia,0,2024-08-28
Wisconsin,27,2024-08-28
Wyoming,0,2024-08-28
DC,4,2024-08-28
Alabama,0,2024-08-29
Alaska,0,2024-08-29
Arizona,0,2024-08-29
Arkansas,2,2024-08-29
California,0,2024-08-29
Colorado,0,2024-08-29
Connecticut,0,2024-08-29
Delaware,4,2024-08-29
Florida,0,2024-08-29
Georgia,2,2024-08-29
Hawaii,0,2024-08-29
Idaho,0,2024-08-29
Illinois,0,2024-08-29
Indiana,0,2024-08-29
Iowa,0,2024-08-29
Kansas,6,2024-08-29
Kentucky,0,2024-08-29
Louisiana,0,2024-08-29
Maine,0,2024-08-29
Maryland,0,2024-08-29
Massachusetts,0,2024-08-29
Michigan,0,2024-08-29
Minnesota,1,2024-08-29
Mississippi,0,2024-08-29
Missouri,0,2024-08-29
Montana,0,2024-08-29
Nebraska,13,2024-08-29
Nevada,0,2024-08-29
New Hampshire,0,2024-08-29
New Jersey,0,2024-08-29
New Mexico,0,2024-08-29
New York,8,2024-08-29
North Carolina,0,2024-08-29
North Dakota,0,2024-08-29
Ohio,7,2024-08-29
Oklahoma,0,2024-08-29
Oregon,0,2024-08-29
Pennsylvania,0,2024-08-29
Rhode Island,0,2024-08-29
South Carolina,0,2024-08-29
South Dakota,0,2024-08-29
Tennessee,0,2024-08-29
Texas,2,2024-08-29
Utah,0,2024-08-29
Vermont,0,2024-08-29
Virginia,0,2024-08-29
Washington,2,2024-08-29
West Virginia,0,2024-08-29
Wisconsin,0,2024-08-29
Wyoming,0,2024-08-29
DC,0,2024-08-29
Alabama,0,2024-08-15
Alaska,0,2024-08-15
Arizona,2,2024-08-15
Arkansas,0,2024-08-15
California,2,2024-08-15
Colorado,0,2024-08-15
Connecticut,0,2024-08-15
Delaware,0,2024-08-15
Florida,0,2024-08-15
Georgia,3,2024-08-15
Hawaii,0,2024-08-15
Idaho,0,2024-08-15
Illinois,0,2024-08-15
Indiana,0,2024-08-15
Iowa,0,2024-08-15
Kansas,0,2024-08-15
Kentucky,0,2024-08-15
Louisiana,0,2024-08-15
Maine,0,2024-08-15
Maryland,3,2024-08-15
Massachusetts,0,2024-08-15
Michigan,1,2024-08-15
Minnesota,4,2024-08-15
Mississippi,0,2024-08-15
Missouri,0,2024-08-15
Montana,0,2024-08-15
Nebraska,12,2024-08-15
Nevada,0,2024-08-15
New Hampshire,0,2024-08-15
New Jersey,0,2024-08-15
New Mexico,0,2024-08-15
New York,12,2024-08-15
North Carolina,0,2024-08-15
North Dakota,0,2024-08-15
Ohio,0,2024-08-15
Oklahoma,0,2024-08-15
Oregon,0,2024-08-15
Pennsylvania,1,2024-08-15
Rhode Island,0,2024-08-15
South Carolina,0,2024-08-15
South Dakota,0,2024-08-15
Tennessee,0,2024-08-15
Texas,0,2024-08-15
Utah,0,2024-08-15
Vermont,0,2024-08-15
Virginia,0,2024-08-15
Washington,5,2024-08-15
West Virginia,0,2024-08-15
Wisconsin,3,2024-08-15
Wyoming,0,2024-08-15
DC,0,2024-08-15
Alabama,1,2024-08-17
Alaska,0,2024-08-17
Arizona,2,2024-08-17
Arkansas,2,2024-08-17
California,0,2024-08-17
Colorado,0,2024-08-17
Connecticut,0,2024-08-17
Delaware,0,2024-08-17
Florida,0,2024-08-17
Georgia,0,2024-08-17
Hawaii,0,2024-08-17
Idaho,0,2024-08-17
Illinois,0,2024-08-17
Indiana,0,2024-08-17
Iowa,2,2024-08-17
Kansas,0,2024-08-17
Kentucky,0,2024-08-17
Louisiana,0,2024-08-17
Maine,0,2024-08-17
Maryland,0,2024-08-17
Massachusetts,0,2024-08-17
Michigan,2,2024-08-17
Minnesota,1,2024-08-17
Mississippi,0,2024-08-17
Missouri,0,2024-08-17
Montana,0,2024-08-17
Nebraska,0,2024-08-17
Nevada,0,2024-08-17
New Hampshire,0,2024-08-17
New Jersey,3,2024-08-17
New Mexico,0,2024-08-17
New York,8,2024-08-17
North Carolina,3,2024-08-17
North Dakota,0,2024-08-17
Ohio,1,2024-08-17
Oklahoma,0,2024-08-17
Oregon,0,2024-08-17
Pennsylvania,2,2024-08-17
Rhode Island,0,2024-08-17
South Carolina,0,2024-08-17
South Dakota,0,2024-08-17
Tennessee,0,2024-08-17
Texas,0,2024-08-17
Utah,0,2024-08-17
Vermont,0,2024-08-17
Virginia,1,2024-08-17
Washington,5,2024-08-17
West Virginia,0,2024-08-17
Wisconsin,2,2024-08-17
Wyoming,0,2024-08-17
DC,0,2024-08-17
Alabama,0,2024-08-16
Alaska,0,2024-08-16
Arizona,0,2024-08-16
Arkansas,0,2024-08-16
California,0,2024-08-16
Colorado,0,2024-08-16
Connecticut,0,2024-08-16
Delaware,0,2024-08-16
Florida,1,2024-08-16
Georgia,2,2024-08-16
Hawaii,0,2024-08-16
Idaho,0,2024-08-16
Illinois,0,2024-08-16
Indiana,0,2024-08-16
Iowa,0,2024-08-16
Kansas,0,2024-08-16
Kentucky,0,2024-08-16
Louisiana,0,2024-08-16
Maine,0,2024-08-16
Maryland,0,2024-08-16
Massachusetts,0,2024-08-16
Michigan,0,2024-08-16
Minnesota,1,2024-08-16
Mississippi,0,2024-08-16
Missouri,0,2024-08-16
Montana,0,2024-08-16
Nebraska,0,2024-08-16
Nevada,0,2024-08-16
New Hampshire,0,2024-08-16
New Jersey,3,2024-08-16
New Mexico,0,2024-08-16
New York,12,2024-08-16
North Carolina,3,2024-08-16
North Dakota,0,2024-08-16
Ohio,0,2024-08-16
Oklahoma,0,2024-08-16
Oregon,0,2024-08-16
Pennsylvania,0,2024-08-16
Rhode Island,0,2024-08-16
South Carolina,0,2024-08-16
South Dakota,0,2024-08-16
Tennessee,0,2024-08-16
Texas,0,2024-08-16
Utah,0,2024-08-16
Vermont,0,2024-08-16
Virginia,0,2024-08-16
Washington,5,2024-08-16
West Virginia,0,2024-08-16
Wisconsin,0,2024-08-16
Wyoming,0,2024-08-16
DC,0,2024-08-16
Alabama,0,2024-08-12
Alaska,0,2024-08-12
Arizona,0,2024-08-12
Arkansas,0,2024-08-12
California,0,2024-08-12
Colorado,0,2024-08-12
Connecticut,0,2024-08-12
Delaware,0,2024-08-12
Florida,2,2024-08-12
Georgia,0,2024-08-12
Hawaii,0,2024-08-12
Idaho,0,2024-08-12
Illinois,0,2024-08-12
Indiana,0,2024-08-12
Iowa,0,2024-08-12
Kansas,0,2024-08-12
Kentucky,0,2024-08-12
Louisiana,0,2024-08-12
Maine,0,2024-08-12
Maryland,0,2024-08-12
Massachusetts,0,2024-08-12
Michigan,0,2024-08-12
Minnesota,14,2024-08-12
Mississippi,0,2024-08-12
Missouri,0,2024-08-12
Montana,1,2024-08-12
Nebraska,0,2024-08-12
Nevada,0,2024-08-12
New Hampshire,0,2024-08-12
New Jersey,0,2024-08-12
New Mexico,0,2024-08-12
New York,2,2024-08-12
North Carolina,0,2024-08-12
North Dakota,0,2024-08-12
Ohio,0,2024-08-12
Oklahoma,0,2024-08-12
Oregon,0,2024-08-12
Pennsylvania,0,2024-08-12
Rhode Island,0,2024-08-12
South Carolina,0,2024-08-12
South Dakota,0,2024-08-12
Tennessee,0,2024-08-12
Texas,1,2024-08-12
Utah,0,2024-08-12
Vermont,0,2024-08-12
Virginia,0,2024-08-12
Washington,5,2024-08-12
West Virginia,0,2024-08-12
Wisconsin,0,2024-08-12
Wyoming,0,2024-08-12
DC,0,2024-08-12
Alabama,0,2024-08-06
Alaska,7,2024-08-06
Arizona,34,2024-08-06
Arkansas,0,2024-08-06
California,77,2024-08-06
Colorado,0,2024-08-06
Connecticut,0,2024-08-06
Delaware,2,2024-08-06
Florida,58,2024-08-06
Georgia,65,2024-08-06
Hawaii,0,2024-08-06
Idaho,0,2024-08-06
Illinois,0,2024-08-06
Indiana,1,2024-08-06
Iowa,3,2024-08-06
Kansas,0,2024-08-06
Kentucky,0,2024-08-06
Louisiana,0,2024-08-06
Maine,0,2024-08-06
Maryland,0,2024-08-06
Massachusetts,0,2024-08-06
Michigan,45,2024-08-06
Minnesota,2,2024-08-06
Mississippi,0,2024-08-06
Missouri,21,2024-08-06
Montana,1,2024-08-06
Nebraska,0,2024-08-06
Nevada,2,2024-08-06
New Hampshire,0,2024-08-06
New Jersey,0,2024-08-06
New Mexico,0,2024-08-06
New York,58,2024-08-06
North Carolina,5,2024-08-06
North Dakota,0,2024-08-06
Ohio,3,2024-08-06
Oklahoma,0,2024-08-06
Oregon,0,2024-08-06
Pennsylvania,5,2024-08-06
Rhode Island,0,2024-08-06
South Carolina,37,2024-08-06
South Dakota,0,2024-08-06
Tennessee,0,2024-08-06
Texas,8,2024-08-06
Utah,0,2024-08-06
Vermont,0,2024-08-06
Virginia,0,2024-08-06
Washington,189,2024-08-06
West Virginia,0,2024-08-06
Wisconsin,2,2024-08-06
Wyoming,0,2024-08-06
DC,0,2024-08-06
Alabama,0,2024-08-07
Alaska,0,2024-08-07
Arizona,0,2024-08-07
Arkansas,0,2024-08-07
California,0,2024-08-07
Colorado,0,2024-08-07
Connecticut,0,2024-08-07
Delaware,0,2024-08-07
Florida,0,2024-08-07
Georgia,3,2024-08-07
Hawaii,0,2024-08-07
Idaho,0,2024-08-07
Illinois,0,2024-08-07
Indiana,0,2024-08-07
Iowa,0,2024-08-07
Kansas,0,2024-08-07
Kentucky,0,2024-08-07
Louisiana,4,2024-08-07
Maine,0,2024-08-07
Maryland,0,2024-08-07
Massachusetts,0,2024-08-07
Michigan,0,2024-08-07
Minnesota,14,2024-08-07
Mississippi,0,2024-08-07
Missouri,0,2024-08-07
Montana,0,2024-08-07
Nebraska,0,2024-08-07
Nevada,0,2024-08-07
New Hampshire,0,2024-08-07
New Jersey,0,2024-08-07
New Mexico,0,2024-08-07
New York,0,2024-08-07
North Carolina,0,2024-08-07
North Dakota,0,2024-08-07
Ohio,0,2024-08-07
Oklahoma,0,2024-08-07
Oregon,0,2024-08-07
Pennsylvania,1,2024-08-07
Rhode Island,0,2024-08-07
South Carolina,0,2024-08-07
South Dakota,0,2024-08-07
Tennessee,0,2024-08-07
Texas,0,2024-08-07
Utah,0,2024-08-07
Vermont,0,2024-08-07
Virginia,0,2024-08-07
Washington,3,2024-08-07
West Virginia,0,2024-08-07
Wisconsin,2,2024-08-07
Wyoming,0,2024-08-07
DC,0,2024-08-07
Alabama,0,2024-08-13
Alaska,0,2024-08-13
Arizona,0,2024-08-13
Arkansas,0,2024-08-13
California,0,2024-08-13
Colorado,38,2024-08-13
Connecticut,0,2024-08-13
Delaware,0,2024-08-13
Florida,0,2024-08-13
Georgia,3,2024-08-13
Hawaii,0,2024-08-13
Idaho,0,2024-08-13
Illinois,0,2024-08-13
Indiana,0,2024-08-13
Iowa,0,2024-08-13
Kansas,0,2024-08-13
Kentucky,0,2024-08-13
Louisiana,0,2024-08-13
Maine,1,2024-08-13
Maryland,0,2024-08-13
Massachusetts,0,2024-08-13
Michigan,2,2024-08-13
Minnesota,2,2024-08-13
Mississippi,0,2024-08-13
Missouri,4,2024-08-13
Montana,0,2024-08-13
Nebraska,0,2024-08-13
Nevada,0,2024-08-13
New Hampshire,0,2024-08-13
New Jersey,0,2024-08-13
New Mexico,0,2024-08-13
New York,9,2024-08-13
North Carolina,0,2024-08-13
North Dakota,0,2024-08-13
Ohio,0,2024-08-13
Oklahoma,1,2024-08-13
Oregon,0,2024-08-13
Pennsylvania,0,2024-08-13
Rhode Island,0,2024-08-13
South Carolina,0,2024-08-13
South Dakota,0,2024-08-13
Tennessee,0,2024-08-13
Texas,3,2024-08-13
Utah,0,2024-08-13
Vermont,0,2024-08-13
Virginia,1,2024-08-13
Washington,2,2024-08-13
West Virginia,0,2024-08-13
Wisconsin,0,2024-08-13
Wyoming,0,2024-08-13
DC,0,2024-08-13
Alabama,1,2024-08-05
Alaska,25,2024-08-05
Arizona,72,2024-08-05
Arkansas,0,2024-08-05
California,33,2024-08-05
Colorado,1,2024-08-05
Connecticut,0,2024-08-05
Delaware,0,2024-08-05
Florida,90,2024-08-05
Georgia,119,2024-08-05
Hawaii,0,2024-08-05
Idaho,0,2024-08-05
Illinois,1,2024-08-05
Indiana,1,2024-08-05
Iowa,0,2024-08-05
Kansas,0,2024-08-05
Kentucky,2,2024-08-05
Louisiana,0,2024-08-05
Maine,1,2024-08-05
Maryland,0,2024-08-05
Massachusetts,1,2024-08-05
Michigan,47,2024-08-05
Minnesota,16,2024-08-05
Mississippi,0,2024-08-05
Missouri,65,2024-08-05
Montana,0,2024-08-05
Nebraska,0,2024-08-05
Nevada,6,2024-08-05
New Hampshire,0,2024-08-05
New Jersey,8,2024-08-05
New Mexico,2,2024-08-05
New York,111,2024-08-05
North Carolina,9,2024-08-05
North Dakota,0,2024-08-05
Ohio,2,2024-08-05
Oklahoma,0,2024-08-05
Oregon,0,2024-08-05
Pennsylvania,35,2024-08-05
Rhode Island,0,2024-08-05
South Carolina,50,2024-08-05
South Dakota,2,2024-08-05
Tennessee,0,2024-08-05
Texas,16,2024-08-05
Utah,0,2024-08-05
Vermont,0,2024-08-05
Virginia,25,2024-08-05
Washington,117,2024-08-05
West Virginia,0,2024-08-05
Wisconsin,8,2024-08-05
Wyoming,1,2024-08-05
DC,0,2024-08-05
Alabama,0,2024-08-11
Alaska,0,2024-08-11
Arizona,3,2024-08-11
Arkansas,0,2024-08-11
California,0,2024-08-11
Colorado,0,2024-08-11
Connecticut,0,2024-08-11
Delaware,1,2024-08-11
Florida,2,2024-08-11
Georgia,2,2024-08-11
Hawaii,2,2024-08-11
Idaho,0,2024-08-11
Illinois,0,2024-08-11
Indiana,0,2024-08-11
Iowa,0,2024-08-11
Kansas,0,2024-08-11
Kentucky,0,2024-08-11
Louisiana,0,2024-08-11
Maine,5,2024-08-11
Maryland,0,2024-08-11
Massachusetts,0,2024-08-11
Michigan,5,2024-08-11
Minnesota,11,2024-08-11
Mississippi,0,2024-08-11
Missouri,0,2024-08-11
Montana,15,2024-08-11
Nebraska,0,2024-08-11
Nevada,0,2024-08-11
New Hampshire,1,2024-08-11
New Jersey,0,2024-08-11
New Mexico,0,2024-08-11
New York,3,2024-08-11
North Carolina,0,2024-08-11
North Dakota,0,2024-08-11
Ohio,2,2024-08-11
Oklahoma,0,2024-08-11
Oregon,0,2024-08-11
Pennsylvania,4,2024-08-11
Rhode Island,0,2024-08-11
South Carolina,1,2024-08-11
South Dakota,0,2024-08-11
Tennessee,0,2024-08-11
Texas,0,2024-08-11
Utah,0,2024-08-11
Vermont,0,2024-08-11
Virginia,0,2024-08-11
Washington,4,2024-08-11
West Virginia,0,2024-08-11
Wisconsin,2,2024-08-11
Wyoming,0,2024-08-11
DC,1,2024-08-11
Alabama,0,2024-08-10
Alaska,0,2024-08-10
Arizona,3,2024-08-10
Arkansas,0,2024-08-10
California,0,2024-08-10
Colorado,0,2024-08-10
Connecticut,0,2024-08-10
Delaware,0,2024-08-10
Florida,1,2024-08-10
Georgia,2,2024-08-10
Hawaii,2,2024-08-10
Idaho,0,2024-08-10
Illinois,0,2024-08-10
Indiana,0,2024-08-10
Iowa,0,2024-08-10
Kansas,0,2024-08-10
Kentucky,0,2024-08-10
Louisiana,0,2024-08-10
Maine,0,2024-08-10
Maryland,0,2024-08-10
Massachusetts,0,2024-08-10
Michigan,0,2024-08-10
Minnesota,11,2024-08-10
Mississippi,0,2024-08-10
Missouri,0,2024-08-10
Montana,3,2024-08-10
Nebraska,0,2024-08-10
Nevada,0,2024-08-10
New Hampshire,0,2024-08-10
New Jersey,0,2024-08-10
New Mexico,0,2024-08-10
New York,1,2024-08-10
North Carolina,0,2024-08-10
North Dakota,0,2024-08-10
Ohio,0,2024-08-10
Oklahoma,0,2024-08-10
Oregon,0,2024-08-10
Pennsylvania,0,2024-08-10
Rhode Island,0,2024-08-10
South Carolina,0,2024-08-10
South Dakota,0,2024-08-10
Tennessee,0,2024-08-10
Texas,0,2024-08-10
Utah,0,2024-08-10
Vermont,0,2024-08-10
Virginia,0,2024-08-10
Washington,8,2024-08-10
West Virginia,0,2024-08-10
Wisconsin,0,2024-08-10
Wyoming,0,2024-08-10
DC,0,2024-08-10
