uri,lang,isDuplicate,date,time,dateTime,dateTimePub,dataType,sim,url,title,body,authors,image,eventUri,sentiment,wgt,relevance,source.uri,source.dataType,source.title,feed date
8307744164,eng,False,2024-09-05,05:53:17,2024-09-05T05:53:17Z,2024-09-05T05:52:45Z,news,0.6235,https://www.nationalheraldindia.com/international/us-sanctions-russian-journalists-over-influence-campaign,US sanctions Russian journalists over influence campaign,"US sanctions 10 individuals, seizes 32 internet domains, and charges 2 employees of Russian state-run media outlet for spreading misinformation

The US on Wednesday, 4 September announced sweeping ...",[],https://media.assettype.com/nationalherald%2F2024-09-05%2Fpbdsb082%2Fjournalist%20harassed.jpeg?rect=0%2C0%2C1200%2C630&w=1200&ar=40%3A21&auto=format%2Ccompress&ogImage=true&mode=crop&enlarge=true&overlay=false&overlay_position=bottom&overlay_width=100,eng-9875828,-0.0196,463211597,1,nationalheraldindia.com,news,National Herald,2024-09-05
8307735482,eng,False,2024-09-05,05:49:12,2024-09-05T05:49:12Z,2024-09-05T05:44:44Z,news,0.9098,https://arynews.tv/russia-says-it-will-target-us-media-in-response-to-move-against-rt/,Russia says it will target US media in response to move against RT,"Reuters is an international news organisation owned by Thomson Reuters

Moscow will target U.S. media in response to the United States actions against Russian state broadcaster RT, Russian foreign ...","{'uri': ['reuters@arynews.tv'], 'name': ['Reuters'], 'type': ['author'], 'isAgency': [True]}",https://arynews.tv/wp-content/uploads/2024/04/Russia-US-veto-nuclear-weapons-resolution.jpg,eng-9876726,0.1608,463211352,1,arynews.tv,news,ARY NEWS,2024-09-05
8307726956,eng,True,2024-09-05,05:38:18,2024-09-05T05:38:18Z,2024-09-05T05:37:22Z,news,0.0,https://munsifdaily.com/us-polls-indian-americans-to-vote-not-on-basis-of-candidates-heritage-claims-asiansmaga/,"US polls: Indian Americans to vote not on basis of candidate's heritage, claims AsiansMAGA","Washington: Indian Americans are likely to vote in the US presidential elections based on what the candidates have done for them and not on the basis of their heritage or race, a newly formed body ...",[],https://munsifdaily.com/wp-content/uploads/2024/09/US-ELECTION.jpg,,0.2314,463210698,1,munsifdaily.com,news,The Munsif Daily | Latest News India | World News | National and International Headlines,2024-09-05
8307719827,eng,False,2024-09-05,05:31:47,2024-09-05T05:31:47Z,2024-09-05T05:31:27Z,news,0.0,https://thesun.my/world/pm-anwar-labels-us-accusations-against-ria-novosti-rt-as-gossip-JM12965950,"PM Anwar labels us accusations against RIA Novosti, RT as ""Gossip""",VLADIVOSTOK: Malaysian Prime Minister Datuk Seri Anwar Ibrahim said that Washington's accusations against RIA Novosti and RT of their alleged meddling in the 2024 US presidential election should not ...,[],https://thesun.my/binrepository/480x321/0c36/480d250/none/11808/SFMH/rus16-04092024-pm_4507677_20240905132505.jpg,,0.0824,463210307,1,thesun.my,news,thesun.my,2024-09-05
8307716247,eng,True,2024-09-05,05:27:51,2024-09-05T05:27:51Z,2024-09-05T05:27:31Z,news,0.0,https://www.euractiv.com/section/global-europe/news/us-charges-employees-of-russias-rt-in-crackdown-on-election-influence-efforts/,US charges employees of Russia's RT in crackdown on election influence efforts,The US on Wednesday (4 September) filed money-laundering charges against two employees of Russian state media network RT for what officials said was a scheme to hire an American company to produce ...,[],https://www.euractiv.com/wp-content/uploads/sites/2/2024/09/11205954-800x450.jpg,,-0.0745,463210071,1,euractiv.com,news,EurActiv.com,2024-09-05
8307714254,eng,True,2024-09-05,05:26:18,2024-09-05T05:26:18Z,2024-09-05T05:25:40Z,news,0.0,https://www.orissapost.com/us-sanctions-russian-journalists-for-influence-campaign-charges-two/,"US sanctions Russian journalists for influence campaign, charges two - OrissaPOST","Washington: The US Wednesday announced sweeping actions targeting Russian government-backed efforts to conduct a malign influence campaign in America, which included the sanctioning of 10 individuals ...",[],https://www.orissapost.com/wp-content/uploads/2024/09/US-sanctions-Russian-journalists-.png,,0.0745,463209978,1,orissapost.com,news,"Odisha News, Odisha Latest news, Odisha Daily - OrissaPOST",2024-09-05
8307706587,eng,False,2024-09-05,05:19:17,2024-09-05T05:19:17Z,2024-09-05T05:18:16Z,news,0.0,https://www.spglobal.com/commodityinsights/en/market-insights/latest-news/electric-power/090424-elections-2024-biden-era-energy-and-climate-regulations-reach-a-crossroads,US ELECTIONS: Biden-era energy and climate regulations reach a crossroads,"The 2024 US presidential election marks a pivotal moment for the ambitious suite of climate and energy regulations advanced by the Biden administration.

Executive branch agencies are defending broad ...",[],,,0.1843,463209557,1,spglobal.com,news,spglobal.com,2024-09-05
8307704669,eng,True,2024-09-05,05:16:40,2024-09-05T05:16:40Z,2024-09-05T05:16:25Z,news,0.0,https://www.irishsun.com/news/274558952/us-sanctions-russian-entities-state-media-for-attempts-to-influence-2024-presidential-polls,"US sanctions Russian entities, state media for attempts to 'influence' 2024 presidential polls","Washington, DC [US], September 5 (ANI): The United States government imposed sanctions against 10 individuals and two entities from Russia in response to Moscow's ""malign influence efforts"" targeting ...",[],https://cdn.bignewsnetwork.com/ani1725510107.jpg,,0.0275,463209400,34,irishsun.com,news,Irish Sun,2024-09-05
8307700294,eng,False,2024-09-05,05:12:42,2024-09-05T05:12:42Z,2024-09-05T05:12:24Z,news,0.5647,https://cyprus-mail.com/2024/09/05/us-charges-employees-of-russias-rt-network-in-crackdown-on-election-influence-efforts/,US charges employees of Russia's RT network in crackdown on election influence efforts,The US filed money-laundering charges against two employees of Russian state media network RT for what officials said was a scheme to hire an American company to produce online content to influence ...,[],https://cms.cyprus-mail.com/wp-content/uploads/2022/02/2022-02-27T115114Z_1272899795_RC29SS9ROLCN_RTRMADP_3_UKRAINE-CRISIS-YOUTUBE-RT.jpg,eng-9874795,0.0039,463209162,1,cyprus-mail.com,news,Cyprus Mail,2024-09-05
8307696148,eng,False,2024-09-05,05:09:02,2024-09-05T05:09:02Z,2024-09-05T05:08:44Z,news,0.9098,https://www.rediff.com/news/report/will-indian-americans-not-vote-for-kamala-harris/20240905.htm,Will Indian Americans not vote for Kamala Harris?,"Indian Americans are likely to vote in the United States presidential elections based on what the candidates have done for them and not on the basis of their heritage or race, a newly formed body ...","{'uri': ['lalit_k_jha@rediff.com'], 'name': ['Lalit K Jha'], 'type': ['author'], 'isAgency': [False]}",https://im.rediff.com/news/2024/sep/05harris.jpg,eng-9876605,0.2392,463208942,1,rediff.com,news,Rediff.com India Ltd.,2024-09-05
8307687633,eng,False,2024-09-05,05:02:27,2024-09-05T05:02:27Z,2024-09-05T05:01:43Z,news,0.549,https://www.rocketnews.com/2024/09/us-charges-rt-employees-over-alleged-secret-funding-of-right-wing-media/,US charges RT employees over alleged secret funding of right-wing media - RocketNews,US Justice Department says two employees of Russia's RT secretly paid $10m to Tennessee-based media outlet.The United States has announced a range of actions to combat Russian efforts to influence the ...,[],,eng-9874795,-0.0353,463208547,1,rocketnews.com,news,RocketNews | Top News Stories From Around the Globe,2024-09-05
8307681751,eng,False,2024-09-05,04:55:28,2024-09-05T04:55:28Z,2024-09-05T04:55:08Z,news,0.8588,https://www.arabnews.jp/en/business/article_129783/,"Biden close to blocking Nippon Steel deal to buy U.S. Steel, sources say","WASHINGTON: The White House is close to announcing President Joe Biden will block Nippon Steel's acquisition of U.S. Steel citing national security concerns, two sources familiar with the situation ...",[],https://www.arabnews.jp/en/wp-content/uploads/sites/2/2024/09/AFP__20240904__36FF9ZJ__v1__HighRes__UsJapanMetalMergerPolitics-658x370.jpg,eng-9869193,0.1059,463208128,1,arabnews.jp,news,Arab News,2024-09-05
2024-09-475824679,eng,True,2024-09-05,04:51:16,2024-09-05T04:51:16Z,2024-09-05T04:12:02Z,news,0.0,https://www.kansascity.com/news/nation-world/national/article291963250.html,Republican Liz Cheney says she will vote for Harris in presidential election,"""As a conservative, as someone who believes in and cares about the Constitution, I have thought deeply about this,"" Cheney told Duke University's Sanford School of Public Policy during a speech ...","{'uri': ['sheri_walsh@kansascity.com'], 'name': ['Sheri Walsh'], 'type': ['author'], 'isAgency': [False]}",https://www.mcclatchy-wires.com/incoming/sia0ir/picture291963230/alternates/LANDSCAPE_1140/6da73150-0c24-44a0-be1e-91529d6cef2e,,-0.1216,463207876,1,kansascity.com,news,The Kansas City Star,2024-09-05
2024-09-475825421,eng,True,2024-09-05,04:51:11,2024-09-05T04:51:11Z,2024-09-05T04:51:02Z,news,0.0,https://www.indiagazette.com/news/274558878/we-would-certainly-welcome--white-house-on-india-role-in-ending-russia-ukraine-war,"""We would certainly welcome ..."": White House on India's role in ending Russia-Ukraine war","Washington, DC [US], September 5 (ANI): The United States has expressed its willingness to accept any nation's ""help"" in efforts to end the ongoing war between Russia and UkraineDuring the press ...",[],https://cdn.bignewsnetwork.com/ani1725507671.jpg,,0.4118,463207871,34,indiagazette.com,news,India Gazette,2024-09-05
8307675981,eng,False,2024-09-05,04:50:28,2024-09-05T04:50:28Z,2024-09-05T04:49:19Z,news,0.651,https://www.devdiscourse.com/article/international/3075374-us-sanctions-russian-individuals-and-entities-over-2024-election-interference,US Sanctions Russian Individuals and Entities Over 2024 Election Interference | International,"The United States has sanctioned 10 Russian individuals and two entities in response to alleged efforts to manipulate the 2024 presidential election, the Treasury Department announced Wednesday. This ...",[],https://www.devdiscourse.com/remote.axd?https://devdiscourse.blob.core.windows.net/devnews/05_09_2024_10_17_43_4997141.jpg?width=920&format=jpeg,eng-9875692,0.1373,463207828,1,devdiscourse.com,news,Devdiscourse,2024-09-05
8307669921,eng,False,2024-09-05,04:45:36,2024-09-05T04:45:36Z,2024-09-05T04:43:07Z,news,0.5686,https://ca.news.yahoo.com/white-house-tackles-russian-disinformation-043154099.html,White House tackles Russian disinformation with sanctions and charges ahead of election,"In seizing Kremlin-run websites and charging two Russian state media employees, the White House executed its most sweeping effort to push back against alleged Russian attempts to spread disinformation ...",[],https://s.yimg.com/cv/apiv2/social/images/yahoo_default_logo-1200x1200.png,eng-9874795,-0.0824,463207536,1,ca.news.yahoo.com,news,Yahoo,2024-09-05
2024-09-475822503,eng,True,2024-09-05,04:44:11,2024-09-05T04:44:11Z,2024-09-05T04:12:02Z,news,0.0,https://www.centredaily.com/news/nation-world/national/article291963250.html,Republican Liz Cheney says she will vote for Harris in presidential election,"""As a conservative, as someone who believes in and cares about the Constitution, I have thought deeply about this,"" Cheney told Duke University's Sanford School of Public Policy during a speech ...","{'uri': ['sheri_walsh@centredaily.com'], 'name': ['Sheri Walsh'], 'type': ['author'], 'isAgency': [False]}",https://www.mcclatchy-wires.com/incoming/sia0ir/picture291963230/alternates/LANDSCAPE_1140/6da73150-0c24-44a0-be1e-91529d6cef2e,,-0.1216,463207451,1,centredaily.com,news,Centre Daily Times,2024-09-05
2024-09-475822357,eng,True,2024-09-05,04:44:04,2024-09-05T04:44:04Z,2024-09-05T04:12:02Z,news,0.0,https://www.bnd.com/news/nation-world/national/article291963250.html,Republican Liz Cheney says she will vote for Harris in presidential election,"""As a conservative, as someone who believes in and cares about the Constitution, I have thought deeply about this,"" Cheney told Duke University's Sanford School of Public Policy during a speech ...","{'uri': ['sheri_walsh@bnd.com'], 'name': ['Sheri Walsh'], 'type': ['author'], 'isAgency': [False]}",https://www.mcclatchy-wires.com/incoming/sia0ir/picture291963230/alternates/LANDSCAPE_1140/6da73150-0c24-44a0-be1e-91529d6cef2e,,-0.1216,463207444,1,bnd.com,news,Belleville News-Democrat,2024-09-05
8307668340,eng,True,2024-09-05,04:42:17,2024-09-05T04:42:17Z,2024-09-05T04:41:21Z,news,0.0,https://www.europesun.com/news/274558878/we-would-certainly-welcome--white-house-on-india-role-in-ending-russia-ukraine-war,"""We would certainly welcome ..."": White House on India's role in ending Russia-Ukraine war","Washington, DC [US], September 5 (ANI): The United States has expressed its willingness to accept any nation's ""help"" in efforts to end the ongoing war between Russia and UkraineDuring the press ...",[],https://cdn.bignewsnetwork.com/ani1725507671.jpg,,0.2314,463207337,34,europesun.com,news,europesun.com,2024-09-05
8307668343,eng,True,2024-09-05,04:41:38,2024-09-05T04:41:38Z,2024-09-05T04:41:21Z,news,0.0,https://www.europesun.com/news/274558952/us-sanctions-russian-entities-state-media-for-attempts-to-influence-2024-presidential-polls,"US sanctions Russian entities, state media for attempts to 'influence' 2024 presidential polls","Washington, DC [US], September 5 (ANI): The United States government imposed sanctions against 10 individuals and two entities from Russia in response to Moscow's ""malign influence efforts"" targeting ...",[],https://cdn.bignewsnetwork.com/ani1725510107.jpg,,0.0275,463207298,34,europesun.com,news,europesun.com,2024-09-05
2024-09-475821175,eng,False,2024-09-05,04:39:59,2024-09-05T04:39:59Z,2024-09-05T04:31:54Z,news,0.5451,https://uk.news.yahoo.com/white-house-tackles-russian-disinformation-043154099.html,White House tackles Russian disinformation with sanctions and charges ahead of election,"In seizing Kremlin-run websites and charging two Russian state media employees, the White House executed its most sweeping effort to push back against alleged Russian attempts to spread disinformation ...",[],https://s.yimg.com/cv/apiv2/social/images/yahoo_default_logo-1200x1200.png,eng-9874795,-0.0196,463207199,1,uk.news.yahoo.com,news,Yahoo News UK,2024-09-05
8307660619,eng,True,2024-09-05,04:36:17,2024-09-05T04:36:17Z,2024-09-05T04:34:15Z,news,0.0,https://www.polandsun.com/news/274558952/us-sanctions-russian-entities-state-media-for-attempts-to-influence-2024-presidential-polls,"US sanctions Russian entities, state media for attempts to 'influence' 2024 presidential polls","Washington, DC [US], September 5 (ANI): The United States government imposed sanctions against 10 individuals and two entities from Russia in response to Moscow's ""malign influence efforts"" targeting ...",[],https://cdn.bignewsnetwork.com/ani1725510107.jpg,,0.0275,463206977,34,polandsun.com,news,Poland Sun,2024-09-05
8307662058,eng,False,2024-09-05,04:35:49,2024-09-05T04:35:49Z,2024-09-05T04:35:08Z,news,0.8275,https://cryptonews.com.au/news/coinbase-cfo-reveals-harris-to-receive-crypto-donations-through-coinbase-123188/,Coinbase CFO Reveals Harris to Receive Crypto Donations Through Coinbase,"Similarly, Coinbase's CLO, Paul Grewal, sees potential for pro-crypto policies from both Harris and Trump in the 2024 US presidential election.

Coinbase's CFO, Alesia Haas, has revealed that the US ...","{'uri': ['jose_oramas@cryptonews.com.au'], 'name': ['JosÃ© Oramas'], 'type': ['author'], 'isAgency': [False]}",https://cdn.cryptonews.com.au/2024/09/05142627/9524COINBASE.jpeg,eng-9874363,0.1529,463206949,34,cryptonews.com.au,news,Crypto News Australia,2024-09-05
8307660622,eng,True,2024-09-05,04:34:54,2024-09-05T04:34:54Z,2024-09-05T04:34:15Z,news,0.0,https://www.polandsun.com/news/274558878/we-would-certainly-welcome--white-house-on-india-role-in-ending-russia-ukraine-war,"""We would certainly welcome ..."": White House on India's role in ending Russia-Ukraine war","Washington, DC [US], September 5 (ANI): The United States has expressed its willingness to accept any nation's ""help"" in efforts to end the ongoing war between Russia and UkraineDuring the press ...",[],https://cdn.bignewsnetwork.com/ani1725507671.jpg,,0.2314,463206894,34,polandsun.com,news,Poland Sun,2024-09-05
2024-09-475816431,eng,True,2024-09-05,04:34:18,2024-09-05T04:34:18Z,2024-09-05T04:12:02Z,news,0.0,https://www.kansas.com/news/nation-world/national/article291963250.html,Republican Liz Cheney says she will vote for Harris in presidential election,"""As a conservative, as someone who believes in and cares about the Constitution, I have thought deeply about this,"" Cheney told Duke University's Sanford School of Public Policy during a speech ...","{'uri': ['sheri_walsh@kansas.com'], 'name': ['Sheri Walsh'], 'type': ['author'], 'isAgency': [False]}",https://www.mcclatchy-wires.com/incoming/sia0ir/picture291963230/alternates/LANDSCAPE_1140/6da73150-0c24-44a0-be1e-91529d6cef2e,,-0.1216,463206858,1,kansas.com,news,The Wichita Eagle,2024-09-05
2024-09-475816183,eng,False,2024-09-05,04:33:30,2024-09-05T04:33:30Z,2024-09-05T04:31:54Z,news,0.5843,https://www.france24.com/en/americas/20240905-white-house-tackles-russian-disinformation-with-sanctions-and-charges-ahead-of-election,White House tackles Russian disinformation with sanctions and charges ahead of election,"In seizing Kremlin-run websites and charging two Russian state media employees, the White House executed its most sweeping effort to push back against alleged Russian attempts to spread disinformation ...",[],https://s.france24.com/media/display/1f3a1438-6b30-11ef-96a9-005056a90284/w:1280/p:16x9/000_36FF9YM.jpg,eng-9874795,-0.0196,463206810,1,france24.com,news,France 24,2024-09-05
8307659420,eng,False,2024-09-05,04:33:05,2024-09-05T04:33:05Z,2024-09-05T04:32:47Z,news,0.8902,https://ca.news.yahoo.com/republican-liz-cheney-says-she-040636561.html,Republican Liz Cheney says she will vote for Harris in presidential election,"Sept. 5 (UPI) -- Former Republican Rep. Liz Cheney of Wyoming announced Wednesday that she plans to vote for Democratic presidential nominee Kamala Harris in November, as she warned about ""the danger ...",[],https://media.zenfs.com/en/united_press_international_articles_356/ded06c344c100cf9652cb3a7b128ee0d,eng-9876054,-0.2157,463206785,1,ca.news.yahoo.com,news,Yahoo,2024-09-05
2024-09-475813945,eng,True,2024-09-05,04:31:40,2024-09-05T04:31:40Z,2024-09-05T04:12:02Z,news,0.0,https://www.fresnobee.com/news/nation-world/national/article291963250.html,Republican Liz Cheney says she will vote for Harris in presidential election,"""As a conservative, as someone who believes in and cares about the Constitution, I have thought deeply about this,"" Cheney told Duke University's Sanford School of Public Policy during a speech ...","{'uri': ['sheri_walsh@fresnobee.com'], 'name': ['Sheri Walsh'], 'type': ['author'], 'isAgency': [False]}",https://www.mcclatchy-wires.com/incoming/sia0ir/picture291963230/alternates/LANDSCAPE_1140/6da73150-0c24-44a0-be1e-91529d6cef2e,,-0.1216,463206700,1,fresnobee.com,news,The Fresno Bee,2024-09-05
2024-09-475813531,eng,True,2024-09-05,04:30:37,2024-09-05T04:30:37Z,2024-09-05T04:12:02Z,news,0.0,https://www.thenewstribune.com/news/nation-world/national/article291963250.html,Republican Liz Cheney says she will vote for Harris in presidential election,"""As a conservative, as someone who believes in and cares about the Constitution, I have thought deeply about this,"" Cheney told Duke University's Sanford School of Public Policy during a speech ...","{'uri': ['sheri_walsh@thenewstribune.com'], 'name': ['Sheri Walsh'], 'type': ['author'], 'isAgency': [False]}",https://www.mcclatchy-wires.com/incoming/sia0ir/picture291963230/alternates/LANDSCAPE_1140/6da73150-0c24-44a0-be1e-91529d6cef2e,,-0.1216,463206637,1,thenewstribune.com,news,The News Tribune,2024-09-05
2024-09-475813845,eng,True,2024-09-05,04:30:30,2024-09-05T04:30:30Z,2024-09-05T04:12:02Z,news,0.0,https://www.thestate.com/news/nation-world/national/article291963250.html,Republican Liz Cheney says she will vote for Harris in presidential election,"""As a conservative, as someone who believes in and cares about the Constitution, I have thought deeply about this,"" Cheney told Duke University's Sanford School of Public Policy during a speech ...","{'uri': ['sheri_walsh@thestate.com'], 'name': ['Sheri Walsh'], 'type': ['author'], 'isAgency': [False]}",https://www.mcclatchy-wires.com/incoming/sia0ir/picture291963230/alternates/LANDSCAPE_1140/6da73150-0c24-44a0-be1e-91529d6cef2e,,-0.1216,463206630,1,thestate.com,news,The State,2024-09-05
2024-09-475812660,eng,False,2024-09-05,04:29:21,2024-09-05T04:29:21Z,2024-09-05T04:01:25Z,news,0.7725,https://www.kosu.org/technology/2024-09-04/how-russian-operatives-covertly-hired-u-s-influencers-to-create-viral-videos,How Russian operatives covertly hired U.S. influencers to create viral videos,"Federal officials have accused Russia of using unwitting right-wing American influencers in its quest to spread Kremlin propaganda ahead of the 2024 presidential election.

On Wednesday, the Justice ...","{'uri': ['shannon_bond@kosu.org'], 'name': ['Shannon Bond'], 'type': ['author'], 'isAgency': [False]}",https://npr.brightspotcdn.com/dims4/default/7e9df1f/2147483647/strip/true/crop/2984x1679+0+280/resize/1200x675!/quality/90/?url=https%3A%2F%2Fnpr.brightspotcdn.com%2Fdims3%2Fdefault%2Fstrip%2Ffalse%2Fcrop%2F2984x2238%20140%200%2Fresize%2F2984x2238%21%2F%3Furl%3Dhttp%3A%2F%2Fnpr-brightspot.s3.amazonaws.com%2F92%2F6d%2F05a1941d4bd3b4f581e45d5f8f7a%2Fgettyimages-2161701897.jpg,eng-9876048,-0.1451,463206561,1,kosu.org,news,KOSU,2024-09-05
2024-09-475812230,eng,True,2024-09-05,04:27:59,2024-09-05T04:27:59Z,2024-09-05T04:12:02Z,news,0.0,https://www.kentucky.com/news/nation-world/national/article291963250.html,Republican Liz Cheney says she will vote for Harris in presidential election,"""As a conservative, as someone who believes in and cares about the Constitution, I have thought deeply about this,"" Cheney told Duke University's Sanford School of Public Policy during a speech ...","{'uri': ['sheri_walsh@kentucky.com'], 'name': ['Sheri Walsh'], 'type': ['author'], 'isAgency': [False]}",https://www.mcclatchy-wires.com/incoming/sia0ir/picture291963230/alternates/LANDSCAPE_1140/6da73150-0c24-44a0-be1e-91529d6cef2e,,-0.1216,463206479,1,kentucky.com,news,Lexington Herald Leader,2024-09-05
2024-09-475812107,eng,True,2024-09-05,04:27:51,2024-09-05T04:27:51Z,2024-09-05T04:12:02Z,news,0.0,https://www.myrtlebeachonline.com/news/nation-world/national/article291963250.html,Republican Liz Cheney says she will vote for Harris in presidential election,"""As a conservative, as someone who believes in and cares about the Constitution, I have thought deeply about this,"" Cheney told Duke University's Sanford School of Public Policy during a speech ...","{'uri': ['sheri_walsh@myrtlebeachonline.com'], 'name': ['Sheri Walsh'], 'type': ['author'], 'isAgency': [False]}",https://www.mcclatchy-wires.com/incoming/sia0ir/picture291963230/alternates/LANDSCAPE_1140/6da73150-0c24-44a0-be1e-91529d6cef2e,,-0.1216,463206471,1,myrtlebeachonline.com,news,MyrtleBeachOnline,2024-09-05
8307654418,eng,False,2024-09-05,04:27:37,2024-09-05T04:27:37Z,2024-09-05T04:27:16Z,news,0.8353,https://bdnews24.com/business/bbd1a64158be,Biden close to blocking Nippon Steel deal to buy US Steel,"The White House is close to announcing President Joe Biden will block Nippon Steel's acquisition of US Steel citing national security concerns, two sources familiar with the situation said on ...","{'uri': ['bdnews24_com@bdnews24.com'], 'name': ['Bdnews24 Com'], 'type': ['author'], 'isAgency': [False]}",https://cdn.bdnews24.com/bdnews24/media/english/imgAll/2024September/PLATE/joe-biden-050924-01-1725509162.jpg,eng-9869193,0.1059,463206457,1,bdnews24.com,news,bdnews24.com,2024-09-05
8307653747,eng,True,2024-09-05,04:27:14,2024-09-05T04:27:14Z,2024-09-05T04:26:25Z,news,0.0,https://www.kenyastar.com/news/274558952/us-sanctions-russian-entities-state-media-for-attempts-to-influence-2024-presidential-polls,"US sanctions Russian entities, state media for attempts to 'influence' 2024 presidential polls","Washington, DC [US], September 5 (ANI): The United States government imposed sanctions against 10 individuals and two entities from Russia in response to Moscow's ""malign influence efforts"" targeting ...",[],https://cdn.bignewsnetwork.com/ani1725510107.jpg,,0.0275,463206434,34,kenyastar.com,news,Kenya Star,2024-09-05
8307653957,eng,False,2024-09-05,04:27:07,2024-09-05T04:27:07Z,2024-09-05T04:26:40Z,news,0.0,https://www.aa.com.tr/en/world/morning-briefing-sept-5-2024/3321717,"Morning Briefing: Sept. 5, 2024","Here is a rundown of all the news that you need to start your Thursday with, including US Vice President and Democratic presidential candidate Kamala Harris and former President and Republican nominee ...",[],https://cdnuploads.aa.com.tr/uploads/Contents/2024/09/05/thumbs_b_c_6021b1043931ad981d189e0aa17cc9fb.jpg?v=072225,,-0.2863,463206427,34,aa.com.tr,news,Anadolu AjansÄ±,2024-09-05
8307653285,eng,True,2024-09-05,04:26:17,2024-09-05T04:26:17Z,2024-09-05T04:25:55Z,news,0.0,https://www.gpb.org/news/2024/09/05/how-russian-operatives-covertly-hired-us-influencers-create-viral-videos,How Russian operatives covertly hired U.S. influencers to create viral videos,"Federal officials have accused Russia of using unwitting right-wing American influencers in its quest to spread Kremlin propaganda ahead of the 2024 presidential election.

On Wednesday, the Justice ...",[],https://www.gpb.org/sites/default/files/styles/three_two_702x468/public/npr_story_images/2024/09/05/gettyimages-2161701897.jpg?h=3a07cb3e&itok=MOAvXvHH,,-0.1294,463206377,1,gpb.org,news,Georgia Public Broadcasting,2024-09-05
2024-09-475811648,eng,True,2024-09-05,04:26:08,2024-09-05T04:26:08Z,2024-09-05T04:12:02Z,news,0.0,https://www.bradenton.com/news/nation-world/national/article291963250.html,Republican Liz Cheney says she will vote for Harris in presidential election,"""As a conservative, as someone who believes in and cares about the Constitution, I have thought deeply about this,"" Cheney told Duke University's Sanford School of Public Policy during a speech ...","{'uri': ['sheri_walsh@bradenton.com'], 'name': ['Sheri Walsh'], 'type': ['author'], 'isAgency': [False]}",https://www.mcclatchy-wires.com/incoming/sia0ir/picture291963230/alternates/LANDSCAPE_1140/6da73150-0c24-44a0-be1e-91529d6cef2e,,-0.1216,463206368,1,bradenton.com,news,Bradenton Herald,2024-09-05
8307651249,eng,True,2024-09-05,04:23:38,2024-09-05T04:23:38Z,2024-09-05T04:23:10Z,news,0.0,https://www.bpr.org/npr-news/2024-09-05/how-russian-operatives-covertly-hired-u-s-influencers-to-create-viral-videos,How Russian operatives covertly hired U.S. influencers to create viral videos,"Federal officials have accused Russia of using unwitting right-wing American influencers in its quest to spread Kremlin propaganda ahead of the 2024 presidential election.

On Wednesday, the Justice ...",[],https://npr.brightspotcdn.com/dims4/default/7e9df1f/2147483647/strip/true/crop/2984x1679+0+280/resize/1200x675!/quality/90/?url=https%3A%2F%2Fnpr.brightspotcdn.com%2Fdims3%2Fdefault%2Fstrip%2Ffalse%2Fcrop%2F2984x2238%20140%200%2Fresize%2F2984x2238%21%2F%3Furl%3Dhttp%3A%2F%2Fnpr-brightspot.s3.amazonaws.com%2F92%2F6d%2F05a1941d4bd3b4f581e45d5f8f7a%2Fgettyimages-2161701897.jpg,,-0.1294,463206218,1,bpr.org,news,bpr.org,2024-09-05
2024-09-475810637,eng,True,2024-09-05,04:22:35,2024-09-05T04:22:35Z,2024-09-05T04:12:02Z,news,0.0,https://www.idahostatesman.com/news/nation-world/national/article291963250.html,Republican Liz Cheney says she will vote for Harris in presidential election,"""As a conservative, as someone who believes in and cares about the Constitution, I have thought deeply about this,"" Cheney told Duke University's Sanford School of Public Policy during a speech ...","{'uri': ['sheri_walsh@idahostatesman.com'], 'name': ['Sheri Walsh'], 'type': ['author'], 'isAgency': [False]}",https://www.mcclatchy-wires.com/incoming/sia0ir/picture291963230/alternates/LANDSCAPE_1140/6da73150-0c24-44a0-be1e-91529d6cef2e,,-0.1216,463206155,1,idahostatesman.com,news,Idaho Statesman,2024-09-05
2024-09-475809974,eng,True,2024-09-05,04:21:48,2024-09-05T04:21:48Z,2024-09-05T04:12:02Z,news,0.0,https://www.sunherald.com/news/nation-world/national/article291963250.html,Republican Liz Cheney says she will vote for Harris in presidential election,"""As a conservative, as someone who believes in and cares about the Constitution, I have thought deeply about this,"" Cheney told Duke University's Sanford School of Public Policy during a speech ...","{'uri': ['sheri_walsh@sunherald.com'], 'name': ['Sheri Walsh'], 'type': ['author'], 'isAgency': [False]}",https://www.mcclatchy-wires.com/incoming/sia0ir/picture291963230/alternates/LANDSCAPE_1140/6da73150-0c24-44a0-be1e-91529d6cef2e,,-0.1216,463206108,1,sunherald.com,news,Sun Herald,2024-09-05
2024-09-475809757,eng,True,2024-09-05,04:21:16,2024-09-05T04:21:16Z,2024-09-05T04:12:02Z,news,0.0,https://www.newsobserver.com/news/nation-world/national/article291963250.html,Republican Liz Cheney says she will vote for Harris in presidential election,"""As a conservative, as someone who believes in and cares about the Constitution, I have thought deeply about this,"" Cheney told Duke University's Sanford School of Public Policy during a speech ...","{'uri': ['sheri_walsh@newsobserver.com'], 'name': ['Sheri Walsh'], 'type': ['author'], 'isAgency': [False]}",https://www.mcclatchy-wires.com/incoming/sia0ir/picture291963230/alternates/LANDSCAPE_1140/6da73150-0c24-44a0-be1e-91529d6cef2e,,-0.1216,463206076,1,newsobserver.com,news,The News&Observer,2024-09-05
2024-09-475809673,eng,True,2024-09-05,04:20:26,2024-09-05T04:20:26Z,2024-09-05T04:12:02Z,news,0.0,https://www.star-telegram.com/news/nation-world/national/article291963250.html,Republican Liz Cheney says she will vote for Harris in presidential election,"""As a conservative, as someone who believes in and cares about the Constitution, I have thought deeply about this,"" Cheney told Duke University's Sanford School of Public Policy during a speech ...","{'uri': ['sheri_walsh@star-telegram.com'], 'name': ['Sheri Walsh'], 'type': ['author'], 'isAgency': [False]}",https://www.mcclatchy-wires.com/incoming/sia0ir/picture291963230/alternates/LANDSCAPE_1140/6da73150-0c24-44a0-be1e-91529d6cef2e,,-0.1216,463206026,1,star-telegram.com,news,Fort Worth Star-Telegram,2024-09-05
2024-09-475809636,eng,False,2024-09-05,04:20:24,2024-09-05T04:20:24Z,2024-09-05T04:08:41Z,news,0.549,https://www.nytimes.com/2024/09/05/briefing/election-interference-ukraine-grenfell.html,Thursday Briefing,"ðŸ‡ºðŸ‡¸ U.S. ELECTION 2024

The presidential election is two months away. This is what we're watching.

U.S. fights against Russian election interference

The U.S. has accused Russia of using its ...","{'uri': ['natasha_frost@nytimes.com'], 'name': ['Natasha Frost'], 'type': ['author'], 'isAgency': [False]}",https://static01.nyt.com/images/2024/09/04/multimedia/05ambriefing-europe-nl-Russia/05ambriefing-asia-RT-videoSixteenByNineJumbo1600.jpg,eng-9874795,-0.0431,463206024,1,nytimes.com,news,The New York Times,2024-09-05
2024-09-475809197,eng,True,2024-09-05,04:20:06,2024-09-05T04:20:06Z,2024-09-05T04:12:02Z,news,0.0,https://www.theolympian.com/news/nation-world/national/article291963250.html,Republican Liz Cheney says she will vote for Harris in presidential election,"""As a conservative, as someone who believes in and cares about the Constitution, I have thought deeply about this,"" Cheney told Duke University's Sanford School of Public Policy during a speech ...","{'uri': ['sheri_walsh@theolympian.com'], 'name': ['Sheri Walsh'], 'type': ['author'], 'isAgency': [False]}",https://www.mcclatchy-wires.com/incoming/sia0ir/picture291963230/alternates/LANDSCAPE_1140/6da73150-0c24-44a0-be1e-91529d6cef2e,,-0.1216,463206006,1,theolympian.com,news,The  Olympian,2024-09-05
2024-09-475808612,eng,True,2024-09-05,04:19:05,2024-09-05T04:19:05Z,2024-09-05T04:12:02Z,news,0.0,https://www.islandpacket.com/news/nation-world/national/article291963250.html,Republican Liz Cheney says she will vote for Harris in presidential election,"""As a conservative, as someone who believes in and cares about the Constitution, I have thought deeply about this,"" Cheney told Duke University's Sanford School of Public Policy during a speech ...","{'uri': ['sheri_walsh@islandpacket.com'], 'name': ['Sheri Walsh'], 'type': ['author'], 'isAgency': [False]}",https://www.mcclatchy-wires.com/incoming/sia0ir/picture291963230/alternates/LANDSCAPE_1140/6da73150-0c24-44a0-be1e-91529d6cef2e,,-0.1216,463205945,1,islandpacket.com,news,The Island Packet,2024-09-05
2024-09-475808561,eng,True,2024-09-05,04:18:15,2024-09-05T04:18:15Z,2024-09-05T04:12:02Z,news,0.0,https://www.sacbee.com/news/nation-world/national/article291963250.html,Republican Liz Cheney says she will vote for Harris in presidential election,"""As a conservative, as someone who believes in and cares about the Constitution, I have thought deeply about this,"" Cheney told Duke University's Sanford School of Public Policy during a speech ...","{'uri': ['sheri_walsh@sacbee.com'], 'name': ['Sheri Walsh'], 'type': ['author'], 'isAgency': [False]}",https://www.mcclatchy-wires.com/incoming/sia0ir/picture291963230/alternates/LANDSCAPE_1140/6da73150-0c24-44a0-be1e-91529d6cef2e,,-0.1216,463205895,1,sacbee.com,news,The Sacramento Bee,2024-09-05
2024-09-475808159,eng,False,2024-09-05,04:18:06,2024-09-05T04:18:06Z,2024-09-05T04:12:02Z,news,0.8471,https://www.heraldonline.com/news/nation-world/national/article291963250.html,Republican Liz Cheney says she will vote for Harris in presidential election,"""As a conservative, as someone who believes in and cares about the Constitution, I have thought deeply about this,"" Cheney told Duke University's Sanford School of Public Policy during a speech ...","{'uri': ['sheri_walsh@heraldonline.com'], 'name': ['Sheri Walsh'], 'type': ['author'], 'isAgency': [False]}",https://www.mcclatchy-wires.com/incoming/sia0ir/picture291963230/alternates/LANDSCAPE_1140/6da73150-0c24-44a0-be1e-91529d6cef2e,eng-9876054,-0.1216,463205886,1,heraldonline.com,news,The Herald,2024-09-05
8307646286,eng,True,2024-09-05,04:17:36,2024-09-05T04:17:36Z,2024-09-05T04:17:14Z,news,0.0,https://www.wfae.org/united-states-world/2024-09-05/how-russian-operatives-covertly-hired-u-s-influencers-to-create-viral-videos,How Russian operatives covertly hired U.S. influencers to create viral videos,"Federal officials have accused Russia of using unwitting right-wing American influencers in its quest to spread Kremlin propaganda ahead of the 2024 presidential election.

On Wednesday, the Justice ...",[],https://npr.brightspotcdn.com/dims4/default/7e9df1f/2147483647/strip/true/crop/2984x1679+0+280/resize/1200x675!/quality/90/?url=https%3A%2F%2Fnpr.brightspotcdn.com%2Fdims3%2Fdefault%2Fstrip%2Ffalse%2Fcrop%2F2984x2238%20140%200%2Fresize%2F2984x2238%21%2F%3Furl%3Dhttp%3A%2F%2Fnpr-brightspot.s3.amazonaws.com%2F92%2F6d%2F05a1941d4bd3b4f581e45d5f8f7a%2Fgettyimages-2161701897.jpg,,-0.1294,463205856,1,wfae.org,news,WFAE 90.7 - Charlotte's NPR News Source,2024-09-05
8307644568,eng,True,2024-09-05,04:16:18,2024-09-05T04:16:18Z,2024-09-05T04:15:39Z,news,0.0,https://www.northernirelandnews.com/news/274558878/we-would-certainly-welcome--white-house-on-india-role-in-ending-russia-ukraine-war,"""We would certainly welcome ..."": White House on India's role in ending Russia-Ukraine war","Washington, DC [US], September 5 (ANI): The United States has expressed its willingness to accept any nation's ""help"" in efforts to end the ongoing war between Russia and UkraineDuring the press ...",[],https://cdn.bignewsnetwork.com/ani1725507671.jpg,,0.2314,463205778,34,northernirelandnews.com,news,Northern Ireland News,2024-09-05
8307641864,eng,True,2024-09-05,04:12:58,2024-09-05T04:12:58Z,2024-09-05T04:12:36Z,news,0.0,https://www.irishsun.com/news/274558878/we-would-certainly-welcome--white-house-on-india-role-in-ending-russia-ukraine-war,"""We would certainly welcome ..."": White House on India's role in ending Russia-Ukraine war","Washington, DC [US], September 5 (ANI): The United States has expressed its willingness to accept any nation's ""help"" in efforts to end the ongoing war between Russia and UkraineDuring the press ...",[],https://cdn.bignewsnetwork.com/ani1725507671.jpg,,0.2314,463205578,34,irishsun.com,news,Irish Sun,2024-09-05
8307639240,eng,False,2024-09-05,04:10:19,2024-09-05T04:10:19Z,2024-09-05T04:09:55Z,news,0.6627,https://nypost.com/2024/09/05/us-news/trump-claims-to-have-the-endorsement-of-tim-walzs-brother-honored/,Trump claims to have the endorsement of Tim Walz's estranged...,"Former President Donald Trump claimed Wednesday to have the endorsement of the estranged brother of Democratic vice presidential nominee Tim Walz, as well as support from other members of the Walz ...",[],https://nypost.com/wp-content/uploads/sites/2/2024/09/88956731.jpg?quality=75&strip=all&w=1024,eng-9875364,0.1843,463205419,1,nypost.com,news,New York Post,2024-09-05
8307639160,eng,False,2024-09-05,04:10:12,2024-09-05T04:10:12Z,2024-09-05T04:09:50Z,news,0.4196,https://www.theepochtimes.com/us/highlights-from-trumps-town-hall-with-fox-news-5718273,Highlights From Trump's Town Hall With Fox News,"HARRISBURG, Pa. -- Former President Donald Trump continued his courtship of voters in Pennsylvania, one of a handful of states that could decide the 2024 presidential election, with a wide-ranging ...",[],https://img.theepochtimes.com/assets/uploads/2024/09/04/id5717833-Trump-GettyImages-2167290483-LSedit-1080x720.jpg,eng-9870624,0.1373,463205412,1,theepochtimes.com,news,www.theepochtimes.com,2024-09-05
8307637838,eng,False,2024-09-05,04:08:49,2024-09-05T04:08:49Z,2024-09-05T04:08:31Z,news,0.0,https://www.econotimes.com/Donald-Trump-Faces-Backlash-Over-Sharing-QAnon-Memes-Admits-His-Truth-Social-Reposts-Cause-Trouble-1686100,"Donald Trump Faces Backlash Over Sharing QAnon Memes, Admits His Truth Social Reposts Cause Trouble - EconoTimes","Donald Trump under fire for sharing QAnon-related content on Truth Social, sparking questions about his social media vetting process. Credit: The White House, Public domain, via Wikimedia ...",[],https://f1.econotimes.com/2024/09/s8lhcfmdcy_th_1024x0.jpg,,0.2078,463205329,1,econotimes.com,news,EconoTimes,2024-09-05
8307637429,eng,True,2024-09-05,04:08:24,2024-09-05T04:08:24Z,2024-09-05T04:07:59Z,news,0.0,https://www.kgou.org/politics-and-government/2024-09-04/how-russian-operatives-covertly-hired-u-s-influencers-to-create-viral-videos,How Russian operatives covertly hired U.S. influencers to create viral videos,"Federal officials have accused Russia of using unwitting right-wing American influencers in its quest to spread Kremlin propaganda ahead of the 2024 presidential election.

On Wednesday, the Justice ...",[],https://npr.brightspotcdn.com/dims4/default/b7375fc/2147483647/strip/true/crop/2984x1567+0+336/resize/1200x630!/quality/90/?url=https%3A%2F%2Fnpr.brightspotcdn.com%2Fdims3%2Fdefault%2Fstrip%2Ffalse%2Fcrop%2F2984x2238%20140%200%2Fresize%2F2984x2238%21%2F%3Furl%3Dhttp%3A%2F%2Fnpr-brightspot.s3.amazonaws.com%2F92%2F6d%2F05a1941d4bd3b4f581e45d5f8f7a%2Fgettyimages-2161701897.jpg,,-0.1294,463205304,1,kgou.org,news,KGOU 106.3,2024-09-05
8307636930,eng,True,2024-09-05,04:07:50,2024-09-05T04:07:50Z,2024-09-05T04:07:29Z,news,0.7725,https://www.weku.org/npr-news/2024-09-05/how-russian-operatives-covertly-hired-u-s-influencers-to-create-viral-videos,How Russian operatives covertly hired U.S. influencers to create viral videos,"Federal officials have accused Russia of using unwitting right-wing American influencers in its quest to spread Kremlin propaganda ahead of the 2024 presidential election.

On Wednesday, the Justice ...",[],https://npr.brightspotcdn.com/dims4/default/7e9df1f/2147483647/strip/true/crop/2984x1679+0+280/resize/1200x675!/quality/90/?url=https%3A%2F%2Fnpr.brightspotcdn.com%2Fdims3%2Fdefault%2Fstrip%2Ffalse%2Fcrop%2F2984x2238%20140%200%2Fresize%2F2984x2238%21%2F%3Furl%3Dhttp%3A%2F%2Fnpr-brightspot.s3.amazonaws.com%2F92%2F6d%2F05a1941d4bd3b4f581e45d5f8f7a%2Fgettyimages-2161701897.jpg,,-0.1294,463205270,1,weku.org,news,weku.org,2024-09-05
8307635430,eng,False,2024-09-05,04:07:26,2024-09-05T04:07:26Z,2024-09-05T04:05:58Z,news,0.6667,https://www.latestly.com/agency-news/world-news-us-sanctions-russian-entities-state-media-for-attempts-to-influence-2024-presidential-polls-6241999.html,"World News | US Sanctions Russian Entities, State Media for Attempts to 'influence' 2024 Presidential Polls | LatestLY","Washington, DC [US], September 5 (ANI): The United States government imposed sanctions against 10 individuals and two entities from Russia in response to Moscow's ""malign influence efforts"" targeting ...",[],https://st1.latestly.com/wp-content/uploads/2024/09/ANI-20240905005305-588x441.jpg,eng-9875692,-0.0588,463205246,34,latestly.com,news,LatestLY,2024-09-05
8307635327,eng,False,2024-09-05,04:06:09,2024-09-05T04:06:09Z,2024-09-05T04:05:51Z,news,0.7882,https://www.npr.org/2024/09/05/nx-s1-5100829/russia-election-influencers-youtube,How Russian operatives covertly hired U.S. influencers to create viral videos,"Political commentator and YouTuber Benny Johnson, left, speaking with Eric Trump, the son of Donald Trump, right during the 2024 Republican National Convention in Milwaukee, Wisconsin. Johnson made ...","{'uri': ['shannon_bond@npr.org'], 'name': ['Shannon Bond'], 'type': ['author'], 'isAgency': [False]}",https://npr.brightspotcdn.com/dims3/default/strip/false/crop/2024x1139+0+931/resize/1400/quality/100/format/jpeg/?url=http%3A%2F%2Fnpr-brightspot.s3.amazonaws.com%2F62%2F1d%2F95d92bb84df08d37d163c8c07474%2Fgettyimages-142251367.jpg,eng-9876048,-0.1216,463205169,1,npr.org,news,NPR,2024-09-05
8307624451,eng,False,2024-09-05,03:55:55,2024-09-05T03:55:55Z,2024-09-05T03:53:40Z,news,0.6392,https://www.aninews.in/news/world/us/us-sanctions-russian-entities-state-media-for-attempts-to-influence-2024-presidential-polls20240905091501/,"US sanctions Russian entities, state media for attempts to 'influence' 2024 presidential polls","Washington, DC [US], September 5 (ANI): The United States government imposed sanctions against 10 individuals and two entities from Russia in response to Moscow's ""malign influence efforts"" targeting ...",[],https://d3lzcn6mbbadaf.cloudfront.net/media/details/ANI-20240905005305.jpg,eng-9875692,0.0275,463204555,34,aninews.in,news,Asian News International (ANI),2024-09-05
8307607771,eng,False,2024-09-05,03:30:53,2024-09-05T03:30:53Z,2024-09-05T03:30:31Z,news,0.0,https://www.benzinga.com/news/24/09/40722526/kamala-harris-reveals-28-capital-gains-tax-for-high-earners-toning-down-bidens-proposed-rates-ahead,"Kamala Harris Reveals 28% Capital Gains Tax For High Earners, Toning Down Biden's Proposed Rates Ahead Of 2024 Election","Vice President Kamala Harris has unveiled a new tax plan targeting long-term capital gains, softening President Joe Biden's previously proposed rates ahead of the 2024 presidential election.

What ...","{'uri': ['benzinga_neuro@benzinga.com'], 'name': ['Benzinga Neuro'], 'type': ['author'], 'isAgency': [False]}",https://cdn.benzinga.com/files/images/story/2024/09/04/Why-Its-Important.jpeg?width=1200&height=800&fit=crop,,0.2784,463203053,34,benzinga.com,news,Benzinga,2024-09-05
8307595182,eng,False,2024-09-05,03:16:22,2024-09-05T03:16:22Z,2024-09-05T03:15:56Z,news,0.4431,https://www.japantimes.co.jp/news/2024/09/05/world/crime-legal/russia-news-us-election-influence-charge/,U.S. charges employees of Russia's RT network over polls influence scheme,The U.S. on Wednesday filed money-laundering charges against two employees of Russian state media network RT for what officials said was a scheme to hire an American company to produce online content ...,"{'uri': ['sarah_n_lynch@japantimes.co.jp'], 'name': ['Sarah N. Lynch'], 'type': ['author'], 'isAgency': [False]}",https://www.japantimes.co.jp/japantimes/uploads/images/2024/09/05/419807.JPG?v=3.1,eng-9874795,-0.0275,463202182,1,japantimes.co.jp,news,The Japan Times,2024-09-05
8307593858,eng,False,2024-09-05,03:15:14,2024-09-05T03:15:14Z,2024-09-05T03:14:14Z,news,0.5647,https://www.aninews.in/news/world/asia/we-would-certainly-welcome-white-house-on-indias-role-in-ending-russia-ukraine-war20240905084207/,"""We would certainly welcome ..."": White House on India's role in ending Russia-Ukraine war","Washington, DC [US], September 5 (ANI): The United States has expressed its willingness to accept any nation's ""help"" in efforts to end the ongoing war between Russia and Ukraine

During the press ...",[],https://d3lzcn6mbbadaf.cloudfront.net/media/details/ANI-20240905031156.jpg,eng-9874795,0.2706,463202114,34,aninews.in,news,Asian News International (ANI),2024-09-05
8307592756,eng,False,2024-09-05,03:13:44,2024-09-05T03:13:44Z,2024-09-05T03:12:48Z,news,0.0,https://en.tempo.co/read/1912633/president-elect-prabowos-astacita-and-jokowis-nawacita-in-comparison,President-Elect Prabowo's Astacita and Jokowi's Nawacita in Comparison,"TEMPO.CO, Jakarta - President and vice president-elect Prabowo Subianto-Gibran Rakabuming Raka have presented the Astacita program, or ""eight goals"", as their blueprint for the next five years. ...","{'uri': ['petir_garda_bhwana@en.tempo.co'], 'name': ['Petir Garda Bhwana'], 'type': ['author'], 'isAgency': [False]}",https://statik.tempo.co/data/2024/05/13/id_1301653/1301653_720.jpg,,0.2157,463202024,1,en.tempo.co,news,TEMPO.CO,2024-09-05
8307585490,eng,False,2024-09-05,03:04:27,2024-09-05T03:04:27Z,2024-09-05T03:04:05Z,news,0.8275,https://www.malaymail.com/news/money/2024/09/05/biden-close-to-blocking-nippon-steel-deal-to-buy-us-steel-sources-say/149319,"Biden close to blocking Nippon Steel deal to buy US Steel, sources say","WASHINGTON, Sept 5 -- The White House is close to announcing President Joe Biden will block Nippon Steel's acquisition of US Steel citing national security concerns, two sources familiar with the ...",[],https://www.malaymail.com/malaymail/uploads/images/2024/09/05/thumbs/400x400/232863.jpg,eng-9869193,0.1059,463201467,1,malaymail.com,news,Malay Mail,2024-09-05
8307581273,eng,True,2024-09-05,02:59:33,2024-09-05T02:59:33Z,2024-09-05T02:59:13Z,news,0.0,https://www.arnnewscentre.ae/news/international/u-s-charges-employees-of-russias-rt-network-cracks-down-on-election-influence/,U.S. charges employees of Russia's RT network for election influence,"The U.S. filed money-laundering charges against two employees of Russian state media network RT on Wednesday, for what officials said was a scheme to hire an American company to produce online content ...",[],https://mmo.aiircdn.com/265/66d91b54be86e.jpg,,-0.0745,463201173,1,arnnewscentre.ae,news,ARN News Centre,2024-09-05
8307581099,eng,True,2024-09-05,02:59:21,2024-09-05T02:59:21Z,2024-09-05T02:58:59Z,news,0.0,https://www.arnnewscentre.ae/en/news/international/u-s-charges-employees-of-russias-rt-network-cracks-down-on-election-influence/,U.S. charges employees of Russia's RT network for election influence,"The U.S. filed money-laundering charges against two employees of Russian state media network RT on Wednesday, for what officials said was a scheme to hire an American company to produce online content ...",[],https://mmo.aiircdn.com/265/66d91b54be86e.jpg,,-0.0745,463201161,1,arnnewscentre.ae,news,ARN News Centre,2024-09-05
8307580270,eng,False,2024-09-05,02:57:52,2024-09-05T02:57:52Z,2024-09-05T02:57:30Z,news,0.5255,https://www.abc.net.au/news/2024-09-05/us-charges-russian-disinformation-rt-propaganda/104313552,A user's guide to how Russian media paid for US influencers to peddle disinformation,"With the US presidential elections approaching in November, concerns in the US about foreign interference are growing -- as are the raft of accusations against Russian-backed agents for meddling.

The ...",[],https://live-production.wcms.abc-cdn.net.au/79dded7c5bad2d9c149f2cfa454becc3?impolicy=wcms_watermark_news&cropH=2813&cropW=5000&xPos=0&yPos=260&width=862&height=485&imformat=generic,eng-9874795,-0.1216,463201072,1,abc.net.au,news,Australian Broadcasting Corporation,2024-09-05
8307579637,eng,True,2024-09-05,02:57:07,2024-09-05T02:57:07Z,2024-09-05T02:56:27Z,news,0.0,https://dnyuz.com/2024/09/04/us-accuses-russias-rt-of-interference-in-2024-election/,US accuses Russia's RT of interference in 2024 election,"The United States has announced a range of actions to combat Russian efforts to influence the 2024 presidential election, including the indictment of two state media employees accused of secretly ...",[],https://dnyuz.com/wp-content/uploads/2024/09/US-accuses-Russias-RT-of-interference-in-2024-election.jpg,,-0.098,463201027,1,dnyuz.com,news,DNyuz,2024-09-05
8307578447,eng,False,2024-09-05,02:55:00,2024-09-05T02:55:00Z,2024-09-05T02:54:16Z,news,0.5922,https://hindustannewshub.com/world-news/russian-interference-in-the-us-presidential-election-causes-panic-in-the-white-house-washington-quickly-imposes-several-sanctions-on-moscow-hindustan-news-hub/,"Russian interference in the US presidential election causes panic in the White House, Washington quickly imposes several sanctions on Moscow - Hindustan News Hub - hindustannewshub.com",Washington: Russia's interference in the US presidential election to be held in November has shaken the White House. The US alleges that Russia is making every effort to disrupt the presidential ...,[],https://resize.indiatv.in/resize/newbucket/1200_-/2024/09/untitled-design-2024-09-05t065540-1725499698.jpg,eng-9874795,0.0039,463200900,1,hindustannewshub.com,news,hindustannewshub.com,2024-09-05
8307578224,eng,False,2024-09-05,02:54:26,2024-09-05T02:54:26Z,2024-09-05T02:53:56Z,news,0.7804,https://www.thenews.com.pk/print/1227228-us-accuses-russia-s-rt-news-outlet-of-election-interference,US accuses Russia's RT news outlet of election interference,"WASHINGTON: The United States indicted two employees of Russia's RT and imposed sanctions on top editors of the state-funded news outlet on Wednesday, accusing them of seeking to influence the 2024 US ...",[],https://www.thenews.com.pk/assets/uploads/akhbar/2024-09-05/l_1227228_065055_updates.jpg,eng-9875828,0.1608,463200866,34,thenews.com.pk,news,The News International,2024-09-05
8307576959,eng,False,2024-09-05,02:53:19,2024-09-05T02:53:19Z,2024-09-05T02:52:12Z,news,0.5804,https://www.dubaieye1038.com/news/international/u-s-charges-employees-of-russias-rt-network-cracks-down-on-election-influence/,U.S. charges employees of Russia's RT network for election influence,"The U.S. filed money-laundering charges against two employees of Russian state media network RT on Wednesday, for what officials said was a scheme to hire an American company to produce online content ...",[],https://mmo.aiircdn.com/265/66d91b54be86e.jpg,eng-9874795,-0.0745,463200799,1,dubaieye1038.com,news,Dubai Eye 103.8,2024-09-05
8307568715,eng,False,2024-09-05,02:41:01,2024-09-05T02:41:01Z,2024-09-05T02:40:39Z,news,0.0,https://www.benzinga.com/news/24/09/40722256/liz-cheney-says-i-will-be-voting-for-kamala-harris-in-2024-presidential-election-cites-trumps-danger,"Liz Cheney Says 'I Will Be Voting For Kamala Harris' In 2024 Presidential Election, Cites Trump's Danger To The Republic","Former Rep. Liz Cheney (R-Wyo.) has publicly declared her support for Vice President Kamala Harris, ahead of the 2024 presidential election.

What Happened: Cheney, a prominent critic of former ...","{'uri': ['benzinga_neuro@benzinga.com'], 'name': ['Benzinga Neuro'], 'type': ['author'], 'isAgency': [False]}",https://cdn.benzinga.com/files/images/story/2024/09/04/Liz-Cheney-Photo-by-Jerome460-on-Shutter.jpeg?width=1200&height=800&fit=crop,,0.098,463200061,1,benzinga.com,news,Benzinga,2024-09-05
8307566639,eng,False,2024-09-05,02:39:52,2024-09-05T02:39:52Z,2024-09-05T02:37:36Z,news,0.5961,https://www.aljazeera.com/news/2024/9/5/us-accuses-russias-rt-of-interference-in-2024-election,US accuses Russia's RT of interference in 2024 election,"US Justice Department says two employees of Russia's RT secretly paid $10m to Tennessee-based media outlet.

The United States has announced a range of actions to combat Russian efforts to influence ...",[],https://www.aljazeera.com/wp-content/uploads/2024/09/AP24248643523899-1-1725501391.jpg?resize=1920%2C1440,eng-9874795,-0.0353,463199992,1,aljazeera.com,news,Al Jazeera Online,2024-09-05
8307566892,eng,False,2024-09-05,02:38:51,2024-09-05T02:38:51Z,2024-09-05T02:37:55Z,news,0.7922,https://edition.mv/world/35860,US accuses Russia's RT news outlet of election interference,"The United States indicted two employees of Russia's RT and imposed sanctions on top editors of the state-funded news outlet on Wednesday, accusing them of seeking to influence the 2024 US ...",[],https://cdn.mihaaru.com/photos/2024/09/05/400304_3_af7391f7ade8c600cb796d2ee2ee629f5f148b28_large.jpg,eng-9875828,0.098,463199931,1,edition.mv,news,The Edition,2024-09-05
8307565259,eng,False,2024-09-05,02:38:02,2024-09-05T02:38:02Z,2024-09-05T02:36:08Z,news,0.5569,https://sputnikglobe.com/20240905/political-witch-hunt-us-activists-go-to-trial-in-florida-accused-of-acting-as-russian-agents-1120019974.html,"Political Witch Hunt: US Activists Go to Trial in Florida, Accused of Acting as Russian Agents","https://cdn1.img.sputnikglobe.com/img/07e8/09/05/1120021929_0:0:3078:1731_1920x0_80_0_0_e75b8d98174ffd9ed8d0d8a695abea06.jpg.webpFour activists who have been accused of ""illegally"" acting as Russian ...","{'uri': ['mary_manley@sputnikglobe.com'], 'name': ['Mary Manley'], 'type': ['author'], 'isAgency': [False]}",https://cdn1.img.sputnikglobe.com/images/sharing/article/eng/1120019974.jpg?11200219111725503697,eng-9872567,-0.0588,463199882,1,sputnikglobe.com,news,Sputnik International,2024-09-05
8307561307,eng,False,2024-09-05,02:30:39,2024-09-05T02:30:39Z,2024-09-05T02:30:08Z,news,0.4314,https://www.theregister.com/2024/09/05/biden_cracks_down_on_putins/,Biden cracks down on Putin's election meddling,"Russia has seemingly decided who it wants Putin the Oval Office

The Biden administration on Wednesday seized 32 websites and charged two employees of a state-owned media outlet connected to a $10 ...",[],https://regmedia.co.uk/2020/12/07/putin.jpg,eng-9874795,-0.1059,463199439,1,theregister.com,news,theregister.com,2024-09-05
2024-09-475747403,eng,False,2024-09-05,02:27:20,2024-09-05T02:27:20Z,2024-09-05T02:11:48Z,news,0.8549,https://m.economictimes.com/news/international/world-news/joe-biden-close-to-blocking-nippon-steel-deal-to-buy-u-s-steel-sources-say/articleshow/113078185.cms,"Joe Biden close to blocking Nippon Steel deal to buy U.S. Steel, sources say","The White House is set to block Nippon Steel's $14.9 billion acquisition of U.S. Steel due to national security concerns, potentially impacting U.S.-Japan relations. The decision could be announced ...",[],"https://img.etimg.com/thumb/width-1200,height-900,imgsize-122370,resizemode-75,msid-113078185/news/international/world-news/joe-biden-close-to-blocking-nippon-steel-deal-to-buy-u-s-steel-sources-say.jpg",eng-9869193,-0.2392,463199240,1,m.economictimes.com,news,The Economic Times,2024-09-05
8307558756,eng,False,2024-09-05,02:26:35,2024-09-05T02:26:35Z,2024-09-05T02:26:13Z,news,0.0,https://therussophile.org/more-doj-cowbell-on-russia-while-ukraines-plight-worsens.html/,More DOJ Cowbell on Russia while Ukraine's Plight Worsens - Russia News Now,"I had to check the calendar when I heard the news that Merrick Garland, the testosterone deprived US Attorney General, announced:

a sweeping set of actions to tackle a major Russian government-backed ...",[],https://i0.wp.com/therussophile.org/wp-content/uploads/2024/09/image-7.png?fit=474%2C266&ssl=1,,-0.0353,463199195,1,therussophile.org,news,TheRussophiles,2024-09-05
8307552652,eng,False,2024-09-05,02:18:39,2024-09-05T02:18:39Z,2024-09-05T02:17:31Z,news,0.8157,https://www.thejakartapost.com/business/2024/09/05/biden-close-to-blocking-nippon-steel-deal-to-buy-us-steel-sources.html,Biden close to blocking Nippon Steel deal to buy US Steel: Sources - Companies - The Jakarta Post,US Steel had earlier warned on Wednesday that a failure to conclude a deal with Japan-based Nippon would put thousands of American union jobs at risk and signaled that it would close some steel mills ...,[],https://img.jakpost.net/c/2024/09/05/2024_09_05_154464_1725500111._large.jpg,eng-9869193,0.1373,463198719,1,thejakartapost.com,news,The Jakarta Post,2024-09-05
8307550270,eng,False,2024-09-05,02:14:54,2024-09-05T02:14:54Z,2024-09-05T02:14:17Z,news,0.9216,https://www.etvbharat.com/en/!international/us-polls-indian-americans-to-vote-not-on-basis-of-candidates-heritage-claims-asians-maga-enn24090500726,"US Polls: Indian Americans to Vote Not on Basis of Candidate's Heritage, Claims Asians MAGA","Washington: Indian Americans are likely to vote in the US presidential elections based on what the candidates have done for them and not on the basis of their heritage or race, a newly formed body ...","{'uri': ['etv_bharat@etvbharat.com'], 'name': ['Etv Bharat'], 'type': ['author'], 'isAgency': [False]}",https://etvbharatimages.akamaized.net/etvbharat/prod-images/05-09-2024/1200-675-22379256-1016-22379256-1725501333254.jpg,eng-9876605,0.2314,463198494,1,etvbharat.com,news,ETV Bharat News,2024-09-05
8307549627,eng,True,2024-09-05,02:14:32,2024-09-05T02:14:32Z,2024-09-05T02:13:20Z,news,0.8471,https://economictimes.indiatimes.com/news/international/world-news/joe-biden-close-to-blocking-nippon-steel-deal-to-buy-u-s-steel-sources-say/articleshow/113078185.cms,"Joe Biden close to blocking Nippon Steel deal to buy U.S. Steel, sources say","The White House is set to block Nippon Steel's $14.9 billion acquisition of U.S. Steel due to national security concerns, potentially impacting U.S.-Japan relations. The decision could be announced ...",[],"https://img.etimg.com/thumb/msid-113078209,width-1200,height-630,imgsize-122370,overlay-economictimes/photo.jpg",,0.0118,463198472,1,economictimes.indiatimes.com,news,Economic Times,2024-09-05
8307549049,eng,False,2024-09-05,02:12:35,2024-09-05T02:12:35Z,2024-09-05T02:12:12Z,news,0.6392,https://www.trtworld.com/us-and-canada/trump-harris-locked-in-high-stakes-duel-across-6-swing-states-poll-18203892,"Trump, Harris locked in high-stakes duel across 6 swing states  --  poll","CNN's latest poll shows Kamala Harris gaining ground with a lead in Wisconsin and an edge in Pennsylvania but Donald Trump remains resilient, maintaining a strong lead in Arizona.

US Vice President ...","{'uri': ['noureldein_ghanem@trtworld.com'], 'name': ['Noureldein Ghanem'], 'type': ['author'], 'isAgency': [False]}",https://images-cdn.trtworld.com/trtworld/w960/h540/q70/20862562_0-0-4539-2556.jpeg,eng-9870624,-0.0039,463198355,1,trtworld.com,news,TRT World,2024-09-05
8307541582,eng,False,2024-09-05,02:02:42,2024-09-05T02:02:42Z,2024-09-05T02:01:55Z,news,0.0,https://www.postandcourier.com/arena/the-spun/nfl-announcer-cris-collinsworth-revealed-which-way-he-leans-politically/article_96df987b-77b5-59e0-9c92-e59caccde494.html,NFL Announcer Cris Collinsworth Revealed Which Way He Leans Politically,"Cris Collinsworth will be back in everyone's lives beginning on Thursday evening.

The Kansas City Chiefs are set to host the Baltimore Ravens at Arrowhead Stadium on Thursday night. It's the first ...","{'uri': ['andrew_holleran@postandcourier.com'], 'name': ['Andrew Holleran'], 'type': ['author'], 'isAgency': [False]}",https://bloximages.newyork1.vip.townnews.com/postandcourier.com/content/tncms/custom/image/6903687a-a7dc-11e9-896c-0bef6d6c9301.jpg?resize=600%2C314,,0.1529,463197762,1,postandcourier.com,news,Post and Courier,2024-09-05
2024-09-475732446,eng,False,2024-09-05,01:58:48,2024-09-05T01:58:48Z,2024-09-05T01:35:13Z,news,0.698,https://exbulletin.com/world/international/2835805/,"US Accuses Russian Bots, RT Agents of Seeking Interference in USExBulletin","U.S. Attorney General Merrick Garland delivers remarks alongside Ukrainian officials at the Justice Department in 2022 in Washington, D.C. Kevin Dietsch/Getty Images .

. Kevin Dietsch/Getty ...",[],https://npr.brightspotcdn.com/dims3/default/strip/false/crop/5720x3218+0+0/resize/1400/quality/100/format/jpeg/?url=http%3A%2F%2Fnpr-brightspot.s3.amazonaws.com%2F28%2F78%2F93d2fa6b4971904e5c82110a95df%2Fgettyimages-1425634156.jpg,eng-9874795,0.3647,463197528,1,exbulletin.com,news,ExBulletin,2024-09-05
2024-09-475732242,eng,False,2024-09-05,01:58:24,2024-09-05T01:58:24Z,2024-09-05T00:29:00Z,news,0.6706,https://www.wsj.com/politics/elections/republican-liz-cheney-endorses-kamala-harris-for-president-f30a5fda,Republican Liz Cheney Endorses Kamala Harris for President,"Liz Cheney, a former congresswoman from Wyoming, broke from the Republican party on Wednesday by saying she plans to vote for Democratic nominee Kamala Harris in the 2024 presidential ...",[],https://images.wsj.net/im-64743184/social,eng-9876054,-0.1137,463197504,1,wsj.com,news,The Wall Street Journal,2024-09-05
8307534207,eng,False,2024-09-05,01:51:42,2024-09-05T01:51:42Z,2024-09-05T01:50:16Z,news,0.6392,https://www.skynews.com.au/world-news/united-states/kamala-harris-intensely-preparing-for-presidential-debate-as-her-team-reveals-bold-strategy-to-unhinge-donald-trump/news-story/afcd35901662391a35b63ab935f230c0,Kamala Harris to bait Donald Trump in presidential debate,"Democratic presidential nominee Kamala Harris has begun preparation for her highly-anticipated debate against former president Donald Trump.

It has been a little over a month since Harris became the ...",[],https://content.api.news/v3/images/bin/a10d970d5fbdc4e8abc1f5dfafee871b,eng-9871634,-0.2549,463197102,1,skynews.com.au,news,Sky News Australia,2024-09-05
8307532122,eng,True,2024-09-05,01:47:38,2024-09-05T01:47:38Z,2024-09-05T01:47:08Z,news,0.0,https://www.rnz.co.nz/news/world/527132/us-charges-employees-of-russia-s-rt-network-in-crackdown-on-election-influence-efforts,US charges employees of Russia's RT network in crackdown on election influence efforts,"RT and Russian officials deny accusations of election interference

The US has filed money-laundering charges against two employees of Russian state media network RT for what officials said was a ...",[],https://media.rnztools.nz/rnz/image/upload/s--yaEru2y_--/t_tohu-badge-twitter/v1643463773/4NW8S79_image_crop_55628?_a=BACCd2AD,,-0.1137,463196858,1,rnz.co.nz,news,RNZ,2024-09-05
8307522411,eng,False,2024-09-05,01:33:20,2024-09-05T01:33:20Z,2024-09-05T01:32:40Z,news,0.9451,https://www.latestly.com/agency-news/world-news-us-polls-indian-americans-to-vote-not-on-basis-of-candidates-heritage-claims-asiansmaga-6241780.html,"World News | US Polls: Indian Americans to Vote Not on Basis of Candidate's Heritage, Claims AsiansMAGA | LatestLY",Get latest articles and stories on World at LatestLY. Indian Americans are likely to vote in the US presidential elections based on what the candidates have done for them and not on the basis of their ...,[],https://st1.latestly.com/wp-content/uploads/2020/10/Latestly-World-News-784x441.jpg,eng-9876605,0.1608,463196000,1,latestly.com,news,LatestLY,2024-09-05
8307521959,eng,False,2024-09-05,01:33:08,2024-09-05T01:33:08Z,2024-09-05T01:32:08Z,news,0.7882,https://www.devdiscourse.com/article/politics/3075266-indian-americans-key-to-us-2024-election-asiansmaga-backs-trump,Indian Americans Key to US 2024 Election: AsiansMAGA Backs Trump | Politics,"Indian Americans are poised to vote in the 2024 US presidential election based on candidates' actions, not heritage, according to a newly formed body representing Asian communities. AsiansMAGA claims ...",[],https://www.devdiscourse.com/remote.axd?https://devdiscourse.blob.core.windows.net/imagegallery/29_02_2020_16_53_54_7540817.jpg?width=920&format=jpeg,eng-9876605,0.4588,463195988,1,devdiscourse.com,news,Devdiscourse,2024-09-05
8307521362,eng,False,2024-09-05,01:31:33,2024-09-05T01:31:33Z,2024-09-05T01:31:10Z,news,0.549,https://www.rappler.com/world/us-canada/employees-russia-rt-network-charged-crackdown-election-influence-efforts/,US charges employees of Russia's RT network in crackdown on election influence efforts,"WASHINGTON, USA - The US on Wednesday, September 4, filed money-laundering charges against two employees of Russian state media network RT for what officials said was a scheme to hire an American ...","{'uri': ['victor_barreiro_jr@rappler.com'], 'name': ['Victor Barreiro Jr.'], 'type': ['author'], 'isAgency': [False]}",https://www.rappler.com/tachyon/2024/09/rt-news-app-february-27-2022-reuters.jpg,eng-9874795,-0.0745,463195893,1,rappler.com,news,Rappler,2024-09-05
8307516489,eng,False,2024-09-05,01:24:25,2024-09-05T01:24:25Z,2024-09-05T01:23:06Z,news,0.0,https://www.socialnews.xyz/?p=6103838,Breaking down Russia election interference allegations (Video),The Justice Department is accusing Russia of trying to meddle in the 2024 presidential election. New charges were unsealed Wednesday against two employees from the Russian state-run media company RT. ...,[],https://i0.wp.com/www.socialnews.xyz/wp-content/uploads/2024/09/05/maxresdefault-2.jpg?fit=1280%2C720&quality=80&zoom=1&ssl=1?v=1725499078,,0.498,463195465,1,socialnews.xyz,news,Social News XYZ,2024-09-05
8307515960,eng,False,2024-09-05,01:22:59,2024-09-05T01:22:59Z,2024-09-05T01:22:12Z,news,0.5922,https://www.koreatimes.co.kr/www/world/2024/09/501_381918.html,US charges employees of Russia's RT network in crackdown on election influence efforts,"U.S. Attorney General Merrick Garland speaks at the beginning of a meeting of the Justice Departments Election Threats Task Force at the Justice Department in Washington, D.C., Sept. 4. ...",[],https://img.koreatimes.co.kr/upload/thumbnailV2/62e82cd3fcc6408a9c017e35a9877152.png,eng-9874795,-0.051,463195379,1,koreatimes.co.kr,news,The Korea Times,2024-09-05
8307516048,eng,False,2024-09-05,01:22:45,2024-09-05T01:22:45Z,2024-09-05T01:22:22Z,news,0.9216,https://www.newsdrum.in/international/us-polls-indian-americans-to-vote-not-on-basis-of-candidates-heritage-claims-asiansmaga-6950146,"US polls: Indian Americans to vote not on basis of candidate's heritage, claims AsiansMAGA","Washington, Sep 5 (PTI) Indian Americans are likely to vote in the US presidential elections based on what the candidates have done for them and not on the basis of their heritage or race, a newly ...","{'uri': ['newsdrum_desk@newsdrum.in'], 'name': ['NewsDrum Desk'], 'type': ['author'], 'isAgency': [False]}",https://img-cdn.thepublive.com/fit-in/1200x675/newsdrum-in/media/agency_attachments/ipXwqL5g8EOqSkmkiZUK.png,eng-9876605,0.2314,463195365,1,newsdrum.in,news,NewsDrum,2024-09-05
8307514819,eng,False,2024-09-05,01:21:16,2024-09-05T01:21:16Z,2024-09-05T01:20:34Z,news,0.7098,https://www.foxnews.com/media/trump-loss-best-possible-outcome-republican-partys-future-column,Trump loss is 'best possible outcome' for Republican Party's future: column,"By entering your email and pushing continue, you are agreeing to Fox News' Terms of Use and Privacy Policy, which includes our Notice of Financial Incentive.

Politico senior columnist Jonathan Martin ...","{'uri': ['gabriel_hays@foxnews.com'], 'name': ['Gabriel Hays'], 'type': ['author'], 'isAgency': [False]}",https://a57.foxnews.com/static.foxnews.com/foxnews.com/content/uploads/2024/08/1024/512/Trump-Vegas.jpg?ve=1&tl=1,eng-9875436,0.349,463195276,1,foxnews.com,news,Fox News,2024-09-05
2024-09-475714442,eng,False,2024-09-05,01:16:43,2024-09-05T01:16:43Z,2024-09-04T22:21:57Z,news,0.7176,https://us.cnn.com/2024/09/04/politics/doj-alleges-russia-funded-company-linked-social-media-stars/index.html,DOJ alleges Russia funded US media company linked to right-wing social media stars | CNN Politics,"CNN --

The unnamed Tennessee-based company that the Justice Department alleges was being funded by Russian operatives working as part of a Kremlin-orchestrated influence operation targeting the 2024 ...","{'uri': ['evan_perez@us.cnn.com'], 'name': ['Evan Perez'], 'type': ['author'], 'isAgency': [False]}","https://media.cnn.com/api/v1/images/stellar/prod/gettyimages-2151304920.jpg?c=16x9&q=w_800,c_fill",eng-9876048,0.0353,463195003,1,us.cnn.com,news,CNN,2024-09-05
8307511231,eng,True,2024-09-05,01:15:29,2024-09-05T01:15:29Z,2024-09-05T01:14:52Z,news,0.0,https://kfdm.com/news/beyond-the-podium/gallery-voters-pack-new-holland-arena-in-pennsylvania-for-trumps-town-hall-2024-presidential-election-politics-jd-vance-kamala-harris-tim-walz-fox-news-sean-hannity,GALLERY | Voters pack New Holland Arena in Pennsylvania for Trump's town hall,"HARRISBURG, Pa. (WHP) -- Voters from across Pennsylvania are in the Farm Show Complex Wednesday night for former President Donald Trump's town hall with Fox News host Sean Hannity.

With just a few ...",[],https://kfdm.com/resources/media2/16x9/956/986/7x0/90/d12a8134-7349-43c7-8b5c-917d2775c213-Screenshot20240904at7.42.08PM.png,,0.0039,463194929,1,kfdm.com,news,KFDM,2024-09-05
8307510963,eng,False,2024-09-05,01:15:29,2024-09-05T01:15:29Z,2024-09-05T01:14:28Z,news,0.0,https://www.thewrap.com/jesse-watters-tim-walz-milkshake-masculinity-fox-news/,Jesse Watters Says Tim Walz Lacks Masculinity for Drinking a Milkshake With a Straw | Video,"The act ""tells you everything"" you need to know about the governor, according to the Fox News host

During Wednesday's episode of ""The Five,"" Fox News host Jesse Watters attempted to mock Minnesota ...","{'uri': ['stephanie_kaloi@thewrap.com'], 'name': ['Stephanie Kaloi'], 'type': ['author'], 'isAgency': [False]}",https://www.thewrap.com/wp-content/uploads/2024/09/jesse-watters-milkshake.jpg,,0.0745,463194929,1,thewrap.com,news,TheWrap,2024-09-05
8307510302,eng,True,2024-09-05,01:13:55,2024-09-05T01:13:55Z,2024-09-05T01:13:25Z,news,0.0,https://turnto10.com/news/beyond-the-podium/gallery-voters-pack-new-holland-arena-in-pennsylvania-for-trumps-town-hall-2024-presidential-election-politics-jd-vance-kamala-harris-tim-walz-fox-news-sean-hannity,GALLERY | Voters pack New Holland Arena in Pennsylvania for Trump's town hall,"HARRISBURG, Pa. (WHP) -- Voters from across Pennsylvania are in the Farm Show Complex Wednesday night for former President Donald Trump's town hall with Fox News host Sean Hannity.

With just a few ...",[],https://turnto10.com/resources/media2/16x9/956/986/7x0/90/d12a8134-7349-43c7-8b5c-917d2775c213-Screenshot20240904at7.42.08PM.png,,0.0039,463194835,1,turnto10.com,news,WJAR,2024-09-05
8307503159,eng,False,2024-09-05,01:04:35,2024-09-05T01:04:35Z,2024-09-05T01:02:55Z,news,0.6118,https://www.rte.ie/news/us/2024/0905/1468435-us-rt-charge/,United States charges employees of Russia's RT network,The US filed money-laundering charges against two employees of Russian state media network RT for what officials said was a scheme to hire an American company to produce online content to influence ...,[],https://img.rasset.ie/0020e66e-1600.jpg,eng-9874795,-0.0745,463194275,1,rte.ie,news,RTE.ie,2024-09-05
2024-09-475709833,eng,True,2024-09-05,01:04:28,2024-09-05T01:04:28Z,2024-09-04T16:28:03Z,news,0.0,https://eu.news-journalonline.com/story/news/2024/09/04/barron-trump-new-york-college-melania-ivanka-tiffany/75071774007/,"Barron Trump at New York University, not UPenn or Georgetown, breaking family tradition","Donald Trump and Melania Trump's son, Barron, largely stayed out of the spotlight while his father was in office, but now he is about to help with campaign efforts.

Sorry, UPenn and Georgetown: ...",[],"https://www.gannett-cdn.com/presto/2020/08/17/USAT/f41cf9f3-f6a9-4cb6-8d3d-3c140d0dfda0-AFP_AFP_1WJ9OT.jpg?auto=webp&crop=3709,2087,x0,y555&format=pjpg&width=1200",,0.1686,463194268,1,eu.news-journalonline.com,news,Florida Today,2024-09-05
