uri,lang,isDuplicate,date,time,dateTime,dateTimePub,dataType,sim,url,title,body,authors,image,sentiment,wgt,relevance,source.uri,source.dataType,source.title,eventUri,feed date
8277847970,eng,False,2024-08-16,16:12:54,2024-08-16T16:12:54Z,2024-08-16T16:12:12Z,news,0.0,https://gvwire.com/2024/08/16/the-polls-have-shifted-toward-harris-is-it-real-or-something-else/,"The Polls Have Shifted Toward Harris. Is It Real, or Something Else?","Last week's New York Times/Siena College polls showing Vice President Kamala Harris leading in three swing states led some Republicans and Democrats to ask the same question: Is this real?

At the ...",[],https://gvwire.s3.us-west-1.amazonaws.com/wp-content/uploads/2024/08/16085630/Political-signs-supporting-Joe-Biden-and-Donald-Trump-on-a-lawn-in-Dickson-City-Pa.-on-Sept.-25-2020.-Last-weeks-New-York-TimesSiena-College-polls-showing-Vice-President-Kamala-Harris-leading-.jpg,0.1608,461520774,1,gvwire.com,news,GV Wire,,2016
8277843765,eng,False,2024-08-16,16:09:42,2024-08-16T16:09:42Z,2024-08-16T16:09:01Z,news,0.0,http://www.tribune242.com/news/2024/aug/16/focus-on-trumps-policies/,Focus on Trump's policies,THE name Donald J Trump typically evokes a very strong reaction from many Bahamians who harbour a strong dislike for the Republican Party and its current leader. This was evident with this writer when ...,[],,0.051,461520582,1,tribune242.com,news,Tribune242,,2016
8277745643,eng,False,2024-08-16,14:54:37,2024-08-16T14:54:37Z,2024-08-16T14:54:01Z,news,0.4824,https://coinpedia.org/research-report/trump-vs-harris-who-will-dominate-the-crypto-scene-in-us-election-2024/,Trump vs. Harris: Who Will Dominate the Crypto Scene in US Election 2024?,"Vignesh is a young journalist with a decade of experience. A proud alumnus of IIJNM, Bengaluru, he spent six years as a Sub-Editor for a leading business magazine, published from Kerala. His interest ...","{'uri': ['vignesh_s_g@coinpedia.org'], 'name': ['Vignesh S G'], 'type': ['author'], 'isAgency': [False]}",http://image.coinpedia.org/wp-content/uploads/2024/08/03141455/US-Election-2024-Donald-Trump-and-Kamala-Harris-to-Debate-This-September-1.webp,0.2,461516077,1,coinpedia.org,news,Coinpedia - Fintech & Cryptocurreny News Media| Crypto Guide,eng-9820774,2016
8277665529,eng,True,2024-08-16,13:56:43,2024-08-16T13:56:43Z,2024-08-16T13:55:51Z,news,0.0,https://ncnewsline.com/briefs/mark-your-calendar-vp-candidates-walz-and-vance-to-debate-oct-1/,Mark your calendar: VP candidates Walz and Vance to debate Oct. 1 * NC Newsline,"WASHINGTON -- Ohio Republican Sen. J.D. Vance Thursday agreed to an Oct. 1 vice presidential debate against Minnesota Democratic Gov. Tim Walz on CBS News.

Walz agreed to the October debate ...","{'uri': ['ariana_figueroa@ncnewsline.com'], 'name': ['Ariana Figueroa'], 'type': ['author'], 'isAgency': [False]}",https://ncnewsline.com/wp-content/uploads/2024/08/VANCE-2048x1365-1.jpg,0.0667,461512603,1,ncnewsline.com,news,NC Newsline,,2016
8277469392,eng,False,2024-08-16,11:38:52,2024-08-16T11:38:52Z,2024-08-16T11:36:38Z,news,0.4118,https://www.theepochtimes.com/article/news-brief-vance-and-walz-agree-to-debate-trump-seeks-sentencing-delay-hhs-announces-medicare-drug-price-cuts-5706637,News Brief: Vance and Walz Agree to Debate; Trump Seeks Sentencing Delay; HHS Announces Medicare Drug Price Cuts,"Good morning, and welcome to The Epoch Times News Brief for Friday, Aug. 16, 2024. I'm Bill Thomas, we have some very pressing stories to share with you today, and here's what you need to know.

Both ...",[],https://img.theepochtimes.com/assets/uploads/2024/08/11/id5703884-vance-walz-LSedit-1080x720.jpg,0.1294,461504332,1,theepochtimes.com,news,www.theepochtimes.com,eng-9819883,2016
8277440176,eng,True,2024-08-16,11:16:02,2024-08-16T11:16:02Z,2024-08-16T11:15:29Z,news,0.0,https://www.cbsnews.com/chicago/news/trump-sentencing-hush-money-case-election/,"Trump seeks to delay sentencing in ""hush money"" case until after election","Attorneys for former President Donald Trump asked the judge overseeing his criminal case in New York to delay his sentencing until after the presidential election in November, arguing that a delay is ...",[],https://assets2.cbsnewsstatic.com/hub/i/r/2024/05/29/acd032c6-f730-47f8-bb24-370a63c6ea26/thumbnail/1200x630/901dce2b7e3a781e9151bf4cd800eeb4/gettyimages-2154611694.jpg?v=d8f7565ef3e8b72561ee316b5993cbf9,-0.1608,461502962,1,cbsnews.com,news,CBS News,,2016
8277406180,eng,True,2024-08-16,10:54:14,2024-08-16T10:54:14Z,2024-08-16T10:51:49Z,news,0.0,https://www.cbsnews.com/miami/news/trump-sentencing-hush-money-case-election/,"Trump seeks to delay sentencing in ""hush money"" case until after election","Attorneys for former President Donald Trump asked the judge overseeing his criminal case in New York to delay his sentencing until after the presidential election in November, arguing that a delay is ...",[],https://assets2.cbsnewsstatic.com/hub/i/r/2024/05/29/acd032c6-f730-47f8-bb24-370a63c6ea26/thumbnail/1200x630/901dce2b7e3a781e9151bf4cd800eeb4/gettyimages-2154611694.jpg?v=d8f7565ef3e8b72561ee316b5993cbf9,-0.1608,461501654,1,cbsnews.com,news,CBS News,,2016
8277399123,eng,False,2024-08-16,10:47:37,2024-08-16T10:47:37Z,2024-08-16T10:47:04Z,news,0.0,https://nation.africa/kenya/news/gender/omarosa-exposes-rampant-incompetence-in-trump-white-house-4727524,Omarosa exposes rampant incompetence in Trump White House,"His past disposition towards her, created an endearing figure in her conscience and she felt indebted to the opportunities he had confounded upon her. That reverence built a formidable sense of ...",[],https://nation.africa/resource/image/4642004/landscape_ratio3x2/1200/800/f1bf4800de99738f6f71e9d7b87f4bd4/AF/trump.jpg,0.2471,461501257,1,nation.africa,news,Nation,,2016
8277308260,eng,False,2024-08-16,09:46:24,2024-08-16T09:46:24Z,2024-08-16T09:45:33Z,news,0.6471,https://www.fitsnews.com/2024/08/16/ukraines-russian-invasion/,Ukraine's Russian Invasion - FITSNews,"In a stunning turn of events in Eastern Europe this month, Ukraine invaded Russia. The Ukrainian incursion began on August 6, 2024 - blindsiding Russian border guards before penetrating into Russian ...",[],https://www.fitsnews.com/wp-content/uploads/2024/08/anti-terrorist-operation-in-eastern-ukraine-war-ukraine-26832553660.jpg,-0.1922,461497584,1,fitsnews.com,news,FITSNews,eng-9815199,2016
8277275297,eng,False,2024-08-16,09:23:32,2024-08-16T09:23:32Z,2024-08-16T09:22:36Z,news,0.0,https://dnyuz.com/2024/08/16/the-polls-have-shifted-toward-harris-is-it-real-or-something-else/,"The Polls Have Shifted Toward Harris. Is It Real, or Something Else?","Last week's New York Times/Siena College polls showing Vice President Kamala Harris leading in three swing states led some Republicans and Democrats to ask the same question: Is this real?

At the ...",[],https://dnyuz.com/wp-content/uploads/2024/08/The-Polls-Have-Shifted-Toward-Harris-Is-It-Real-or.jpg,0.1608,461496212,1,dnyuz.com,news,DNyuz,,2016
8277259371,eng,True,2024-08-16,09:12:10,2024-08-16T09:12:10Z,2024-08-16T09:11:12Z,news,0.0,https://www.cbsnews.com/newyork/news/trump-sentencing-hush-money-case-election/,"Trump seeks to delay sentencing in ""hush money"" case until after election","Attorneys for former President Donald Trump asked the judge overseeing his criminal case in New York to delay his sentencing until after the presidential election in November, arguing that a delay is ...",[],https://assets2.cbsnewsstatic.com/hub/i/r/2024/05/29/acd032c6-f730-47f8-bb24-370a63c6ea26/thumbnail/1200x630/901dce2b7e3a781e9151bf4cd800eeb4/gettyimages-2154611694.jpg?v=d8f7565ef3e8b72561ee316b5993cbf9,-0.1608,461495530,1,cbsnews.com,news,CBS News,,2016
2024-08-455927041,eng,False,2024-08-16,07:58:03,2024-08-16T07:58:03Z,2024-08-16T07:49:33Z,news,0.0,https://eu.lcsun-news.com/story/news/2024/08/16/herrell-affirms-support-for-reca-expansion/74817548007/,"Herrell affirms support for RECA expansion, NM Dems criticize GOP House leaders for inaction","In the 2016 presidential election, pollsters predicted that Hillary Clinton would win. Here's what we know now about election polling in 2024.

Amid increasing Democratic criticism, Republican ...",[],"https://www.gannett-cdn.com/authoring/authoring-images/2024/06/21/PNM2/74169354007-vasquez.jpg?auto=webp&crop=809,455,x0,y42&format=pjpg&width=1200",0.0588,461491083,1,eu.lcsun-news.com,news,Las Cruces Sun-News,,2016
8276953800,eng,False,2024-08-16,05:07:16,2024-08-16T05:07:16Z,2024-08-16T05:03:14Z,news,0.5725,https://exbulletin.com/politics/2820785/,Trump seeks to delay sentencing in 'bail' case until after election - ExBulletin,"Why Trump's 'hush money' conviction is being delayed

Why Trump's 'hush money' conviction is being delayed by immunity ruling 04:26

Lawyers for former President Donald Trump have asked the judge ...",[],https://assets2.cbsnewsstatic.com/hub/i/r/2024/05/29/acd032c6-f730-47f8-bb24-370a63c6ea26/thumbnail/1200x630/901dce2b7e3a781e9151bf4cd800eeb4/gettyimages-2154611694.jpg?v=d8f7565ef3e8b72561ee316b5993cbf9,-0.1137,461480836,1,exbulletin.com,news,ExBulletin,eng-9816475,2016
8276765273,eng,False,2024-08-16,01:17:33,2024-08-16T01:17:33Z,2024-08-16T01:16:02Z,news,0.7294,https://exbulletin.com/politics/2820680/,Donald Trump sentencing date: Former president asks to delay his sentencing date for bribe taking until after election - ExBulletin,"Former President Donald Trump is seeking to delay sentencing in his criminal bribery case until after the 2024 presidential election, arguing that the current sentencing date of Sept. 18 furthers what ...",[],https://cdn.abcotvs.com/dip/images/15189496_trump-in-ny-court-img.jpg?w=1600,-0.1765,461467053,1,exbulletin.com,news,ExBulletin,eng-9816475,2016
8276694028,eng,False,2024-08-15,23:39:46,2024-08-15T23:39:46Z,2024-08-15T23:38:22Z,news,0.7216,https://nypost.com/2024/08/15/us-news/wisconsin-democrats-move-to-block-jill-stein-from-ballot-which-would-likely-boost-kamala-harris-among-pro-palestine-voters/,Wisconsin Democrats move to block Jill Stein from ballot  --  which...,"WATERTOWN, Wis. -- There are swing states, and then there are swing states like Wisconsin, where about 20,000 votes -- fewer than 1% -- have decided four of the Dairy State's last presidential ...",[],https://nypost.com/wp-content/uploads/sites/2/2024/08/87822609.jpg?quality=75&strip=all&w=1024,0.3412,461461186,1,nypost.com,news,New York Post,eng-9818139,2016
2024-08-455620233,eng,False,2024-08-15,23:04:24,2024-08-15T23:04:24Z,2024-08-15T23:00:19Z,news,0.6118,https://www.washingtonpost.com/national-security/2024/08/15/susie-wiles-trump-iran-hack/,Evidence suggests Trump adviser Susie Wiles was among Iran hack targets,"Sorry, a summary is not available for this article at this time. Please try again later.

FBI agents probing alleged Iranian hacking attempts directed at the Trump and Biden-Harris campaigns have ...","{'uri': ['josh_dawsey@washingtonpost.com'], 'name': ['Josh Dawsey'], 'type': ['author'], 'isAgency': [False]}",https://www.washingtonpost.com/wp-apps/imrs.php?src=https://arc-anglerfish-washpost-prod-washpost.s3.amazonaws.com/public/UC4NPSECLRUK2NGPMHGLANMZBM_size-normalized.jpg&w=1440,0.2314,461459064,1,washingtonpost.com,news,Washington Post,eng-9818069,2016
8276668816,eng,True,2024-08-15,23:03:57,2024-08-15T23:03:57Z,2024-08-15T23:02:51Z,news,0.0,https://www.capitalgazette.com/2024/08/15/meta-predicts-russian-actors-will-try-to-influence-us-elections/,Meta predicts Russian actors will try to influence US elections,"Meta on Thursday predicted Russian actors will try to influence U.S. elections.

The company said in its ""Adversarial Threat Report,"" which covers efforts to manipulate public debate, that ...","{'uri': ['ray_lewis@capitalgazette.com'], 'name': ['Ray Lewis'], 'type': ['author'], 'isAgency': [False]}",https://www.capitalgazette.com/wp-content/uploads/2024/08/TBS-Election-2024-Trump_201401444-e1723754048431.jpg?w=640,-0.1137,461459037,1,capitalgazette.com,news,Capital Gazette,,2016
8276668658,eng,True,2024-08-15,23:03:20,2024-08-15T23:03:20Z,2024-08-15T23:02:42Z,news,0.0,https://www.baltimoresun.com/2024/08/15/meta-predicts-russian-actors-will-try-to-influence-us-elections/,Meta predicts Russian actors will try to influence US elections,"Meta on Thursday predicted Russian actors will try to influence U.S. elections.

The company said in its ""Adversarial Threat Report,"" which covers efforts to manipulate public debate, that ...","{'uri': ['ray_lewis@baltimoresun.com'], 'name': ['Ray Lewis'], 'type': ['author'], 'isAgency': [False]}",https://www.baltimoresun.com/wp-content/uploads/2024/08/TBS-Election-2024-Trump_201401444-e1723754048431.jpg?w=640,-0.1137,461459000,1,baltimoresun.com,news,The Baltimore Sun,,2016
8276665164,eng,False,2024-08-15,22:58:22,2024-08-15T22:58:22Z,2024-08-15T22:57:23Z,news,0.0,https://dailytrust.com/dan-bello-a-new-northern-awareness-through-satire/,Dan Bello: A new northern awareness through satire? - Daily Trust,"From court documents, election result sheets and financial transactions to complex contracts and long budgets, Nigerians often have a hard time interpreting government documents, legal...

From court ...",[],https://dailytrust.com/wp-content/uploads/2023/05/Bello-Galadanchi-373x400.jpg,-0.1451,461458702,1,dailytrust.com,news,Daily Trust,,2016
2024-08-455609979,eng,False,2024-08-15,22:39:44,2024-08-15T22:39:44Z,2024-08-15T22:02:53Z,news,0.5804,https://www.nysun.com/article/they-want-to-put-me-in-prison-trump-demands-judge-move-his-sentencing-in-hush-money-case-to-after-election,Trump Demands Hush-Money Sentencing Be Moved Post-Election,"'It's all crooked politics and really crooked judges,' Trump said of the legal cases against him.

President Trump is asking the judge who presides over his New York criminal hush-money case, Juan ...","{'uri': ['marie_pohl@nysun.com'], 'name': ['Marie Pohl'], 'type': ['author'], 'isAgency': [False]}",https://wp.nysun.com/wp-content/uploads/2024/08/trumpo-bedminster-scaled.jpg?w=1200&h=630&fit=fill&fm=jpg&fl=progressive,-0.1059,461457584,1,nysun.com,news,The New York Sun,eng-9816475,2016
8276565430,eng,False,2024-08-15,20:56:59,2024-08-15T20:56:59Z,2024-08-15T20:55:56Z,news,0.0,https://www.wral.com/story/fact-check-walz-says-violence-crime-was-up-under-trump/21574069/,Fact check: Walz says violence crime was up under Trump,"In a viral moment from his introduction as the Democratic vice presidential candidate, Minnesota Gov. Tim Walz took a political and personal jab at former President Donald Trump over crime.

In a ...",[],https://images.wral.com/asset/news/political/2024/08/12/21573985/66ba60011b44f-media_69564bb492714aef89f9b7e16f82c714-DMID1-63xls7zro-640x480.jpg,-0.302,461451419,1,wral.com,news,WRAL,,2016
8276542356,eng,True,2024-08-15,20:32:09,2024-08-15T20:32:09Z,2024-08-15T20:30:45Z,news,0.0,https://abc45.com/news/nation-world/meta-predicts-russian-actors-will-try-to-influence-us-elections-facebook-instagram-social-media-ukraine-foreign-interference-elect-trump-biden-kamala-harris-walz-vance-november-president,Meta predicts Russian actors will try to influence US elections,"WASHINGTON (TND) -- Meta on Thursday predicted Russian actors will try to influence U.S. elections.

The company said in its ""Adversarial Threat Report,"" which covers efforts to manipulate public ...","{'uri': ['ray_lewis@abc45.com'], 'name': ['Ray Lewis'], 'type': ['author'], 'isAgency': [False]}",https://abc45.com/resources/media2/16x9/6000/986/0x313/90/16440e43-a771-4a5e-95e2-3519bb5d978b-GettyImages2023786359.jpg,-0.0902,461449929,1,abc45.com,news,WXLV,,2016
8276535835,eng,True,2024-08-15,20:24:55,2024-08-15T20:24:55Z,2024-08-15T20:23:25Z,news,0.0,https://krcrtv.com/news/nation-world/meta-predicts-russian-actors-will-try-to-influence-us-elections-facebook-instagram-social-media-ukraine-foreign-interference-elect-trump-biden-kamala-harris-walz-vance-november-president,Meta predicts Russian actors will try to influence US elections,"WASHINGTON (TND) -- Meta on Thursday predicted Russian actors will try to influence U.S. elections.

The company said in its ""Adversarial Threat Report,"" which covers efforts to manipulate public ...","{'uri': ['ray_lewis@krcrtv.com'], 'name': ['Ray Lewis'], 'type': ['author'], 'isAgency': [False]}",https://krcrtv.com/resources/media2/16x9/6000/986/0x313/90/16440e43-a771-4a5e-95e2-3519bb5d978b-GettyImages2023786359.jpg,-0.0902,461449495,1,krcrtv.com,news,KRCR,,2016
8276528409,eng,True,2024-08-15,20:24:30,2024-08-15T20:24:30Z,2024-08-15T20:15:22Z,news,0.0,https://wgxa.tv/news/nation-world/meta-predicts-russian-actors-will-try-to-influence-us-elections-facebook-instagram-social-media-ukraine-foreign-interference-elect-trump-biden-kamala-harris-walz-vance-november-president,Meta predicts Russian actors will try to influence US elections,"WASHINGTON (TND) -- Meta on Thursday predicted Russian actors will try to influence U.S. elections.

The company said in its ""Adversarial Threat Report,"" which covers efforts to manipulate public ...","{'uri': ['ray_lewis@wgxa.tv'], 'name': ['Ray Lewis'], 'type': ['author'], 'isAgency': [False]}",https://wgxa.tv/resources/media2/16x9/6000/986/0x313/90/16440e43-a771-4a5e-95e2-3519bb5d978b-GettyImages2023786359.jpg,-0.0902,461449470,1,wgxa.tv,news,WGXA,,2016
2024-08-455536076,eng,False,2024-08-15,20:22:42,2024-08-15T20:22:42Z,2024-08-15T00:00:00Z,news,0.5608,https://www.upressonline.com/2024/08/dorm-storm-people-power-for-florida-hits-fau-to-help-students-register-to-vote/,'Dorm Storm': People Power for Florida hits FAU to help students register to vote,"A sign in front of the People Power for Florida campaign table to inform students to update their voting registration with their new dorm.

On August 14, People Power for Florida (PPFF), an ...","{'uri': ['jd_delcastillo@upressonline.com'], 'name': ['Jd Delcastillo'], 'type': ['author'], 'isAgency': [False]}",https://www.upressonline.com/wp-content/uploads/2024/08/IMG_8219-1.jpeg,0.1922,461449362,1,upressonline.com,news,UNIVERSITY PRESS,eng-9818066,2016
8276527123,eng,True,2024-08-15,20:16:24,2024-08-15T20:16:24Z,2024-08-15T20:14:19Z,news,0.0,https://kfdm.com/news/nation-world/meta-predicts-russian-actors-will-try-to-influence-us-elections-facebook-instagram-social-media-ukraine-foreign-interference-elect-trump-biden-kamala-harris-walz-vance-november-president,Meta predicts Russian actors will try to influence US elections,"WASHINGTON (TND) -- Meta on Thursday predicted Russian actors will try to influence U.S. elections.

The company said in its ""Adversarial Threat Report,"" which covers efforts to manipulate public ...","{'uri': ['ray_lewis@kfdm.com'], 'name': ['Ray Lewis'], 'type': ['author'], 'isAgency': [False]}",https://kfdm.com/resources/media2/16x9/6000/986/0x313/90/16440e43-a771-4a5e-95e2-3519bb5d978b-GettyImages2023786359.jpg,-0.0902,461448984,1,kfdm.com,news,KFDM,,2016
8276522884,eng,True,2024-08-15,20:10:49,2024-08-15T20:10:49Z,2024-08-15T20:10:08Z,news,0.0,https://virginiamercury.com/briefs/mark-your-calendar-vp-candidates-walz-and-vance-to-debate-oct-1/,Mark your calendar: VP candidates Walz and Vance to debate Oct. 1 * Virginia Mercury,"WASHINGTON -- Ohio Republican Sen. J.D. Vance Thursday agreed to an Oct. 1 vice presidential debate against Minnesota Democratic Gov. Tim Walz on CBS News.

Walz agreed to the October debate ...","{'uri': ['ariana_figueroa@virginiamercury.com'], 'name': ['Ariana Figueroa'], 'type': ['author'], 'isAgency': [False]}",https://virginiamercury.com/wp-content/uploads/2024/08/JD-Vance-scaled.jpg,0.0667,461448649,1,virginiamercury.com,news,Virginia Mercury,,2016
8276520440,eng,True,2024-08-15,20:10:20,2024-08-15T20:10:20Z,2024-08-15T20:07:46Z,news,0.0,https://okcfox.com/news/nation-world/meta-predicts-russian-actors-will-try-to-influence-us-elections-facebook-instagram-social-media-ukraine-foreign-interference-elect-trump-biden-kamala-harris-walz-vance-november-president,Meta predicts Russian actors will try to influence US elections,"WASHINGTON (TND) -- Meta on Thursday predicted Russian actors will try to influence U.S. elections.

The company said in its ""Adversarial Threat Report,"" which covers efforts to manipulate public ...","{'uri': ['ray_lewis@okcfox.com'], 'name': ['Ray Lewis'], 'type': ['author'], 'isAgency': [False]}",https://okcfox.com/resources/media2/16x9/6000/986/0x313/90/16440e43-a771-4a5e-95e2-3519bb5d978b-GettyImages2023786359.jpg,-0.0902,461448620,1,okcfox.com,news,KOKH,,2016
8276521746,eng,True,2024-08-15,20:09:56,2024-08-15T20:09:56Z,2024-08-15T20:09:00Z,news,0.0,https://cbs6albany.com/news/nation-world/meta-predicts-russian-actors-will-try-to-influence-us-elections-facebook-instagram-social-media-ukraine-foreign-interference-elect-trump-biden-kamala-harris-walz-vance-november-president,Meta predicts Russian actors will try to influence US elections,"WASHINGTON (TND) -- Meta on Thursday predicted Russian actors will try to influence U.S. elections.

The company said in its ""Adversarial Threat Report,"" which covers efforts to manipulate public ...","{'uri': ['ray_lewis@cbs6albany.com'], 'name': ['Ray Lewis'], 'type': ['author'], 'isAgency': [False]}",https://cbs6albany.com/resources/media2/16x9/6000/986/0x313/90/16440e43-a771-4a5e-95e2-3519bb5d978b-GettyImages2023786359.jpg,-0.0902,461448596,1,cbs6albany.com,news,WRGB,,2016
8276521321,eng,True,2024-08-15,20:09:15,2024-08-15T20:09:15Z,2024-08-15T20:08:27Z,news,0.0,https://turnto10.com/news/nation-world/meta-predicts-russian-actors-will-try-to-influence-us-elections-facebook-instagram-social-media-ukraine-foreign-interference-elect-trump-biden-kamala-harris-walz-vance-november-president,Meta predicts Russian actors will try to influence US elections,"WASHINGTON (TND) -- Meta on Thursday predicted Russian actors will try to influence U.S. elections.

The company said in its ""Adversarial Threat Report,"" which covers efforts to manipulate public ...","{'uri': ['ray_lewis@turnto10.com'], 'name': ['Ray Lewis'], 'type': ['author'], 'isAgency': [False]}",https://turnto10.com/resources/media2/16x9/6000/986/0x313/90/16440e43-a771-4a5e-95e2-3519bb5d978b-GettyImages2023786359.jpg,-0.0902,461448555,1,turnto10.com,news,WJAR,,2016
8276520507,eng,True,2024-08-15,20:08:51,2024-08-15T20:08:51Z,2024-08-15T20:07:47Z,news,0.0,https://wsbt.com/news/nation-world/meta-predicts-russian-actors-will-try-to-influence-us-elections-facebook-instagram-social-media-ukraine-foreign-interference-elect-trump-biden-kamala-harris-walz-vance-november-president,Meta predicts Russian actors will try to influence US elections,"WASHINGTON (TND) -- Meta on Thursday predicted Russian actors will try to influence U.S. elections.

The company said in its ""Adversarial Threat Report,"" which covers efforts to manipulate public ...","{'uri': ['ray_lewis@wsbt.com'], 'name': ['Ray Lewis'], 'type': ['author'], 'isAgency': [False]}",https://wsbt.com/resources/media2/16x9/6000/986/0x313/90/16440e43-a771-4a5e-95e2-3519bb5d978b-GettyImages2023786359.jpg,-0.0902,461448531,1,wsbt.com,news,WSBT,,2016
8276520141,eng,True,2024-08-15,20:08:05,2024-08-15T20:08:05Z,2024-08-15T20:07:30Z,news,0.0,https://ktul.com/news/nation-world/meta-predicts-russian-actors-will-try-to-influence-us-elections-facebook-instagram-social-media-ukraine-foreign-interference-elect-trump-biden-kamala-harris-walz-vance-november-president,Meta predicts Russian actors will try to influence US elections,"WASHINGTON (TND) -- Meta on Thursday predicted Russian actors will try to influence U.S. elections.

The company said in its ""Adversarial Threat Report,"" which covers efforts to manipulate public ...","{'uri': ['ray_lewis@ktul.com'], 'name': ['Ray Lewis'], 'type': ['author'], 'isAgency': [False]}",https://ktul.com/resources/media2/16x9/6000/986/0x313/90/16440e43-a771-4a5e-95e2-3519bb5d978b-GettyImages2023786359.jpg,-0.0902,461448485,1,ktul.com,news,KTUL,,2016
8276505723,eng,True,2024-08-15,19:53:02,2024-08-15T19:53:02Z,2024-08-15T19:52:15Z,news,0.0,https://fox11online.com/news/nation-world/meta-predicts-russian-actors-will-try-to-influence-us-elections-facebook-instagram-social-media-ukraine-foreign-interference-elect-trump-biden-kamala-harris-walz-vance-november-president,Meta predicts Russian actors will try to influence US elections,"WASHINGTON (TND) -- Meta on Thursday predicted Russian actors will try to influence U.S. elections.

The company said in its ""Adversarial Threat Report,"" which covers efforts to manipulate public ...","{'uri': ['ray_lewis@fox11online.com'], 'name': ['Ray Lewis'], 'type': ['author'], 'isAgency': [False]}",https://fox11online.com/resources/media2/16x9/6000/986/0x313/90/16440e43-a771-4a5e-95e2-3519bb5d978b-GettyImages2023786359.jpg,-0.0902,461447582,1,fox11online.com,news,WLUK,,2016
8276502967,eng,True,2024-08-15,19:49:24,2024-08-15T19:49:24Z,2024-08-15T19:48:59Z,news,0.0,https://cbs12.com/news/nation-world/meta-predicts-russian-actors-will-try-to-influence-us-elections-facebook-instagram-social-media-ukraine-foreign-interference-elect-trump-biden-kamala-harris-walz-vance-november-president,Meta predicts Russian actors will try to influence US elections,"WASHINGTON (TND) -- Meta on Thursday predicted Russian actors will try to influence U.S. elections.

The company said in its ""Adversarial Threat Report,"" which covers efforts to manipulate public ...","{'uri': ['ray_lewis@cbs12.com'], 'name': ['Ray Lewis'], 'type': ['author'], 'isAgency': [False]}",https://cbs12.com/resources/media2/16x9/6000/986/0x313/90/16440e43-a771-4a5e-95e2-3519bb5d978b-GettyImages2023786359.jpg,-0.0902,461447364,1,cbs12.com,news,WPEC,,2016
8276495342,eng,True,2024-08-15,19:41:11,2024-08-15T19:41:11Z,2024-08-15T19:40:32Z,news,0.0,https://wjla.com/news/nation-world/meta-predicts-russian-actors-will-try-to-influence-us-elections-facebook-instagram-social-media-ukraine-foreign-interference-elect-trump-biden-kamala-harris-walz-vance-november-president,Meta predicts Russian actors will try to influence US elections,"WASHINGTON (TND) -- Meta on Thursday predicted Russian actors will try to influence U.S. elections.

The company said in its ""Adversarial Threat Report,"" which covers efforts to manipulate public ...","{'uri': ['ray_lewis@wjla.com'], 'name': ['Ray Lewis'], 'type': ['author'], 'isAgency': [False]}",https://wjla.com/resources/media2/16x9/6000/986/0x313/90/16440e43-a771-4a5e-95e2-3519bb5d978b-GettyImages2023786359.jpg,-0.0902,461446871,1,wjla.com,news,WJLA,,2016
8276494091,eng,True,2024-08-15,19:40:45,2024-08-15T19:40:45Z,2024-08-15T19:39:14Z,news,0.0,https://abc7amarillo.com/news/nation-world/meta-predicts-russian-actors-will-try-to-influence-us-elections-facebook-instagram-social-media-ukraine-foreign-interference-elect-trump-biden-kamala-harris-walz-vance-november-president,Meta predicts Russian actors will try to influence US elections,"WASHINGTON (TND) -- Meta on Thursday predicted Russian actors will try to influence U.S. elections.

The company said in its ""Adversarial Threat Report,"" which covers efforts to manipulate public ...","{'uri': ['ray_lewis@abc7amarillo.com'], 'name': ['Ray Lewis'], 'type': ['author'], 'isAgency': [False]}",https://abc7amarillo.com/resources/media2/16x9/6000/986/0x313/90/16440e43-a771-4a5e-95e2-3519bb5d978b-GettyImages2023786359.jpg,-0.0902,461446845,1,abc7amarillo.com,news,KVII,,2016
8276493455,eng,False,2024-08-15,19:40:43,2024-08-15T19:40:43Z,2024-08-15T19:38:24Z,news,0.3373,https://wlos.com/news/nation-world/meta-predicts-russian-actors-will-try-to-influence-us-elections-facebook-instagram-social-media-ukraine-foreign-interference-elect-trump-biden-kamala-harris-walz-vance-november-president,Meta predicts Russian actors will try to influence US elections,"WASHINGTON (TND) -- Meta on Thursday predicted Russian actors will try to influence U.S. elections.

The company said in its ""Adversarial Threat Report,"" which covers efforts to manipulate public ...","{'uri': ['ray_lewis@wlos.com'], 'name': ['Ray Lewis'], 'type': ['author'], 'isAgency': [False]}",https://wlos.com/resources/media2/16x9/6000/986/0x313/90/16440e43-a771-4a5e-95e2-3519bb5d978b-GettyImages2023786359.jpg,-0.0902,461446843,1,wlos.com,news,WLOS,eng-9809997,2016
2024-08-455489279,eng,False,2024-08-15,19:07:19,2024-08-15T19:07:19Z,2024-08-15T17:06:32Z,news,0.6941,http://www.tucsonsentinel.com/nationworld/report//081524_walz_vance_debate/,Mark your calendar: VP candidates Walz & Vance to debate Oct. 1,"Ohio Republican Sen. J.D. Vance Thursday agreed to an Oct. 1 vice presidential debate against Minnesota Democratic Gov. Tim Walz on CBS News.

Walz agreed to the October debate invitation from CBS on ...","{'uri': ['ariana_figueroa@tucsonsentinel.com'], 'name': ['Ariana Figueroa'], 'type': ['author'], 'isAgency': [False]}",https://www.tucsonsentinel.com/files/entryimages/walz_vance_collage_1.jpg,0.0824,461444839,1,tucsonsentinel.com,news,Tucson Sentinel,eng-9818082,2016
2024-08-455488113,eng,False,2024-08-15,19:05:57,2024-08-15T19:05:57Z,2024-08-15T16:58:10Z,news,0.6196,https://eu.usatoday.com/story/news/politics/elections/2024/08/15/trump-want-sentencing-delay/74810723007/,Donald Trump pushes to delay hush money sentencing in NY,"The U.S. Constitution does not bar Donald Trump, now a convicted felon, from running for office. So will this hush money verdict help or hurt him? Here's what we know now.

Former President Donald ...",[],"https://www.gannett-cdn.com/authoring/authoring-images/2024/07/02/USAT/74279215007-20240530-t-215006-z-111079407-rc-2918-a-1-mvt-6-rtrmadp-3-usatrumpnewyork.JPG?auto=webp&crop=4542,2555,x0,y0&format=pjpg&width=1200",-0.3647,461444757,1,usatoday.com,news,USA Today,eng-9816475,2016
8276457931,eng,False,2024-08-15,19:02:53,2024-08-15T19:02:53Z,2024-08-15T19:02:15Z,news,0.6667,https://www.foxnews.com/politics/dnc-trying-remove-candidate-from-state-ballot-who-received-more-votes-than-trump-margin-victory-2016,Dems try to block Green Party candidate from presidential ballot in major swing state,"'Outnumbered' co-host Kayleigh McEnany discusses Kamala Harris' record on the economy as she reportedly seeks to distance herself from inflation under Biden.

The Democratic National Committee (DNC) ...","{'uri': ['aubrie_spady@foxnews.com'], 'name': ['Aubrie Spady'], 'type': ['author'], 'isAgency': [False]}",https://a57.foxnews.com/static.foxnews.com/foxnews.com/content/uploads/2024/08/1024/512/jill-stein.jpg?ve=1&tl=1,0.1686,461444573,1,foxnews.com,news,Fox News,eng-9818139,2016
8276447373,eng,False,2024-08-15,18:52:09,2024-08-15T18:52:09Z,2024-08-15T18:51:19Z,news,0.7608,https://manilastandard.net/news/top-stories/314484826/ex-poll-chief-bautista-not-yet-in-custody-us-justice-official.html,Ex-poll chief Bautista not yet in custody  --  US Justice official - Manila Standard,"Former Commission on Elections chairman Andres Bautista, who was recently indicted in Florida for allegedly taking bribes from Smartmatic, is not in US custody, a US Department of Justice official ...",[],https://cdn.manilastandard.net/wp-content/uploads/2017/10/andres_bautista210.jpg,0.0902,461443929,1,manilastandard.net,news,Manila Standard,eng-9814771,2016
8276418102,eng,False,2024-08-15,18:22:01,2024-08-15T18:22:01Z,2024-08-15T18:21:24Z,news,0.7294,https://www.nbcnews.com/politics/2024-election/trump-attorneys-ask-delay-sentencing-hush-money-case-election-rcna166751,Trump attorneys ask to delay his sentencing in hush money case until after the election,"The former president is currently scheduled to be sentenced on Sept. 18 after being found guilty of 34 counts of falsifying business records.

Attorneys for former President Donald Trump are asking ...",[],"https://media-cldnry.s-nbcnews.com/image/upload/t_nbcnews-fp-1024-512,f_auto,q_auto:best/rockcms/2024-05/ss-240529-trump-trial-lookback-27-ew-6a0e30.jpg",-0.1843,461442121,1,nbcnews.com,news,NBC News,eng-9816475,2016
2024-08-455450035,eng,True,2024-08-15,18:07:26,2024-08-15T18:07:26Z,2024-08-15T18:04:28Z,news,0.6902,https://michiganadvance.com/2024/08/15/mark-your-calendar-vp-candidates-walz-and-vance-to-debate-oct-1/,Mark your calendar: VP candidates Walz and Vance to debate Oct. 1 * Michigan Advance,"WASHINGTON -- Ohio Republican Sen. J.D. Vance Thursday agreed to an Oct. 1 vice presidential debate against Minnesota Democratic Gov. Tim Walz on CBS News.

Walz agreed to the October debate ...","{'uri': ['ariana_figueroa@michiganadvance.com'], 'name': ['Ariana Figueroa'], 'type': ['author'], 'isAgency': [False]}",https://michiganadvance.com/wp-content/uploads/2024/08/VANCE-2048x1365-1.jpg,0.0824,461441246,1,michiganadvance.com,news,Michigan Advance,,2016
2024-08-455445715,eng,True,2024-08-15,18:00:56,2024-08-15T18:00:56Z,2024-08-15T17:14:58Z,news,0.0,https://www.islandpacket.com/news/nation-world/national/article291091180.html,Trump requests hush-money case sentencing be delayd until after presidential election,"Aug. 15 (UPI) -- Former President Donald Trump's attorneys have asked the judge overseeing his New York criminal case to again delay sentencing until after November's election.

In a letter dated ...","{'uri': ['chris_benson@islandpacket.com'], 'name': ['Chris Benson'], 'type': ['author'], 'isAgency': [False]}",https://www.mcclatchy-wires.com/incoming/oz3wgl/picture291091160/alternates/LANDSCAPE_1140/711a0221-b84d-42f0-963c-d8142e43704f,-0.1451,461440856,1,islandpacket.com,news,The Island Packet,,2016
2024-08-455445472,eng,True,2024-08-15,18:00:20,2024-08-15T18:00:20Z,2024-08-15T17:14:58Z,news,0.0,https://www.heraldonline.com/news/nation-world/national/article291091180.html,Trump requests hush-money case sentencing be delayd until after presidential election,"Aug. 15 (UPI) -- Former President Donald Trump's attorneys have asked the judge overseeing his New York criminal case to again delay sentencing until after November's election.

In a letter dated ...","{'uri': ['chris_benson@heraldonline.com'], 'name': ['Chris Benson'], 'type': ['author'], 'isAgency': [False]}",https://www.mcclatchy-wires.com/incoming/oz3wgl/picture291091160/alternates/LANDSCAPE_1140/711a0221-b84d-42f0-963c-d8142e43704f,-0.1451,461440820,1,heraldonline.com,news,The Herald,,2016
2024-08-455446112,eng,True,2024-08-15,18:00:05,2024-08-15T18:00:05Z,2024-08-15T17:14:58Z,news,0.0,https://www.kansascity.com/news/nation-world/national/article291091180.html,Trump requests hush-money case sentencing be delayd until after presidential election,"Aug. 15 (UPI) -- Former President Donald Trump's attorneys have asked the judge overseeing his New York criminal case to again delay sentencing until after November's election.

In a letter dated ...","{'uri': ['chris_benson@kansascity.com'], 'name': ['Chris Benson'], 'type': ['author'], 'isAgency': [False]}",https://www.mcclatchy-wires.com/incoming/oz3wgl/picture291091160/alternates/LANDSCAPE_1140/711a0221-b84d-42f0-963c-d8142e43704f,-0.1451,461440805,1,kansascity.com,news,The Kansas City Star,,2016
2024-08-455439159,eng,True,2024-08-15,17:50:46,2024-08-15T17:50:46Z,2024-08-15T17:14:58Z,news,0.0,https://www.bnd.com/news/nation-world/national/article291091180.html,Trump requests hush-money case sentencing be delayd until after presidential election,"Aug. 15 (UPI) -- Former President Donald Trump's attorneys have asked the judge overseeing his New York criminal case to again delay sentencing until after November's election.

In a letter dated ...","{'uri': ['chris_benson@bnd.com'], 'name': ['Chris Benson'], 'type': ['author'], 'isAgency': [False]}",https://www.mcclatchy-wires.com/incoming/oz3wgl/picture291091160/alternates/LANDSCAPE_1140/711a0221-b84d-42f0-963c-d8142e43704f,-0.1451,461440246,1,bnd.com,news,Belleville News-Democrat,,2016
2024-08-455437519,eng,True,2024-08-15,17:49:53,2024-08-15T17:49:53Z,2024-08-15T17:14:58Z,news,0.0,https://www.myrtlebeachonline.com/news/nation-world/national/article291091180.html,Trump requests hush-money case sentencing be delayd until after presidential election,"Aug. 15 (UPI) -- Former President Donald Trump's attorneys have asked the judge overseeing his New York criminal case to again delay sentencing until after November's election.

In a letter dated ...","{'uri': ['chris_benson@myrtlebeachonline.com'], 'name': ['Chris Benson'], 'type': ['author'], 'isAgency': [False]}",https://www.mcclatchy-wires.com/incoming/oz3wgl/picture291091160/alternates/LANDSCAPE_1140/711a0221-b84d-42f0-963c-d8142e43704f,-0.1451,461440193,1,myrtlebeachonline.com,news,MyrtleBeachOnline,,2016
2024-08-455433907,eng,True,2024-08-15,17:44:23,2024-08-15T17:44:23Z,2024-08-15T17:14:58Z,news,0.0,https://www.charlotteobserver.com/news/nation-world/national/article291091180.html,Trump requests hush-money case sentencing be delayd until after presidential election,"Aug. 15 (UPI) -- Former President Donald Trump's attorneys have asked the judge overseeing his New York criminal case to again delay sentencing until after November's election.

In a letter dated ...","{'uri': ['chris_benson@charlotteobserver.com'], 'name': ['Chris Benson'], 'type': ['author'], 'isAgency': [False]}",https://www.mcclatchy-wires.com/incoming/oz3wgl/picture291091160/alternates/LANDSCAPE_1140/711a0221-b84d-42f0-963c-d8142e43704f,-0.1451,461439863,1,charlotteobserver.com,news,The Charlotte Observer,,2016
2024-08-455426177,eng,True,2024-08-15,17:34:10,2024-08-15T17:34:10Z,2024-08-15T17:14:58Z,news,0.0,https://www.miamiherald.com/news/nation-world/national/article291091180.html,Trump requests hush-money case sentencing be delayd until after presidential election,"Aug. 15 (UPI) -- Former President Donald Trump's attorneys have asked the judge overseeing his New York criminal case to again delay sentencing until after November's election.

In a letter dated ...","{'uri': ['chris_benson@miamiherald.com'], 'name': ['Chris Benson'], 'type': ['author'], 'isAgency': [False]}",https://www.mcclatchy-wires.com/incoming/oz3wgl/picture291091160/alternates/LANDSCAPE_1140/711a0221-b84d-42f0-963c-d8142e43704f,-0.1451,461439250,1,miamiherald.com,news,Miami Herald,,2016
2024-08-455425051,eng,True,2024-08-15,17:33:04,2024-08-15T17:33:04Z,2024-08-15T16:45:13Z,news,0.0,https://mix1027.com/uncategorized/trump-asks-to-push-back-his-hush-money-sentencing-date-until-after-election/,Trump asks to push back his hush money sentencing date until after election,"(NEW YORK) -- Former President Trump is seeking to push back sentencing in his criminal hush money case until after the 2024 presidential election, arguing that the current sentencing date of Sept. 18 ...",[],,-0.1843,461439184,1,mix1027.com,news,WCPZ,,2016
2024-08-455423352,eng,True,2024-08-15,17:31:04,2024-08-15T17:31:04Z,2024-08-15T17:14:58Z,news,0.0,https://www.newsobserver.com/news/nation-world/national/article291091180.html,Trump requests hush-money case sentencing be delayd until after presidential election,"Aug. 15 (UPI) -- Former President Donald Trump's attorneys have asked the judge overseeing his New York criminal case to again delay sentencing until after November's election.

In a letter dated ...","{'uri': ['chris_benson@newsobserver.com'], 'name': ['Chris Benson'], 'type': ['author'], 'isAgency': [False]}",https://www.mcclatchy-wires.com/incoming/oz3wgl/picture291091160/alternates/LANDSCAPE_1140/711a0221-b84d-42f0-963c-d8142e43704f,-0.1451,461439064,1,newsobserver.com,news,The News&Observer,,2016
2024-08-455421119,eng,True,2024-08-15,17:29:03,2024-08-15T17:29:03Z,2024-08-15T17:14:58Z,news,0.0,https://www.idahostatesman.com/news/nation-world/national/article291091180.html,Trump requests hush-money case sentencing be delayd until after presidential election,"Aug. 15 (UPI) -- Former President Donald Trump's attorneys have asked the judge overseeing his New York criminal case to again delay sentencing until after November's election.

In a letter dated ...","{'uri': ['chris_benson@idahostatesman.com'], 'name': ['Chris Benson'], 'type': ['author'], 'isAgency': [False]}",https://www.mcclatchy-wires.com/incoming/oz3wgl/picture291091160/alternates/LANDSCAPE_1140/711a0221-b84d-42f0-963c-d8142e43704f,-0.1451,461438943,1,idahostatesman.com,news,Idaho Statesman,,2016
2024-08-455419788,eng,True,2024-08-15,17:28:05,2024-08-15T17:28:05Z,2024-08-15T17:14:58Z,news,0.0,https://www.sacbee.com/news/nation-world/national/article291091180.html,Trump requests hush-money case sentencing be delayd until after presidential election,"Aug. 15 (UPI) -- Former President Donald Trump's attorneys have asked the judge overseeing his New York criminal case to again delay sentencing until after November's election.

In a letter dated ...","{'uri': ['chris_benson@sacbee.com'], 'name': ['Chris Benson'], 'type': ['author'], 'isAgency': [False]}",https://www.mcclatchy-wires.com/incoming/oz3wgl/picture291091160/alternates/LANDSCAPE_1140/711a0221-b84d-42f0-963c-d8142e43704f,-0.1451,461438885,1,sacbee.com,news,The Sacramento Bee,,2016
8276356300,eng,False,2024-08-15,17:26:03,2024-08-15T17:26:03Z,2024-08-15T17:25:41Z,news,0.6353,https://newrepublic.com/post/184911/donald-trump-surprising-figure-campaign-team-lewandowski,Panicking Trump Brings Surprising Figure Back on His Campaign Team,"The Trump campaign has hired Corey Lewandowski, who served as Trump's campaign manager ahead of the 2016 presidential election, to advise its senior leadership team. Lewandowski will reportedly serve ...","{'uri': ['edith_olmsted@newrepublic.com'], 'name': ['Edith Olmsted'], 'type': ['author'], 'isAgency': [False]}",https://images.newrepublic.com/a0ed19dc451bc9a799b2e47bd52c70deb45da7cb.jpeg?w=1200&h=630&crop=faces&fit=crop&fm=jpg,-0.1373,461438763,1,newrepublic.com,news,The New Republic,eng-9820345,2016
8276354321,eng,True,2024-08-15,17:24:35,2024-08-15T17:24:35Z,2024-08-15T17:23:55Z,news,0.0,https://www.wbal.com/trump-asks-to-push-back-his-hush-money-sentencing-date-until-after-election/,Trump asks to push back his hush money sentencing date until after election,"(NEW YORK) -- Former President Trump is seeking to push back sentencing in his criminal hush money case until after the 2024 presidential election, arguing that the current sentencing date of Sept. 18 ...",[],https://dehayf5mhw1h7.cloudfront.net/wp-content/uploads/sites/2100/2024/08/15162711/GettyImages_Trump_081524259663.webp,-0.2941,461438675,1,wbal.com,news,WBAL,,2016
2024-08-455417362,eng,True,2024-08-15,17:24:00,2024-08-15T17:24:00Z,2024-08-15T17:14:58Z,news,0.0,https://www.theolympian.com/news/nation-world/national/article291091180.html,Trump requests hush-money case sentencing be delayd until after presidential election,"Aug. 15 (UPI) -- Former President Donald Trump's attorneys have asked the judge overseeing his New York criminal case to again delay sentencing until after November's election.

In a letter dated ...","{'uri': ['chris_benson@theolympian.com'], 'name': ['Chris Benson'], 'type': ['author'], 'isAgency': [False]}",https://www.mcclatchy-wires.com/incoming/oz3wgl/picture291091160/alternates/LANDSCAPE_1140/711a0221-b84d-42f0-963c-d8142e43704f,-0.1451,461438640,1,theolympian.com,news,The  Olympian,,2016
2024-08-455416117,eng,False,2024-08-15,17:22:20,2024-08-15T17:22:20Z,2024-08-15T17:14:58Z,news,0.702,https://www.kansas.com/news/nation-world/national/article291091180.html,Trump requests hush-money case sentencing be delayd until after presidential election,"Aug. 15 (UPI) -- Former President Donald Trump's attorneys have asked the judge overseeing his New York criminal case to again delay sentencing until after November's election.

In a letter dated ...","{'uri': ['chris_benson@kansas.com'], 'name': ['Chris Benson'], 'type': ['author'], 'isAgency': [False]}",https://www.mcclatchy-wires.com/incoming/oz3wgl/picture291091160/alternates/LANDSCAPE_1140/711a0221-b84d-42f0-963c-d8142e43704f,-0.1451,461438540,1,kansas.com,news,The Wichita Eagle,eng-9816475,2016
8276332949,eng,True,2024-08-15,17:06:37,2024-08-15T17:06:37Z,2024-08-15T17:05:25Z,news,0.0,https://www.mycentraloregon.com/2024/08/15/trump-asks-to-push-back-his-hush-money-sentencing-date-until-after-election/,Trump asks to push back his hush money sentencing date until after election,"(NEW YORK) -- Former President Trump is seeking to push back sentencing in his criminal hush money case until after the 2024 presidential election, arguing that the current sentencing date of Sept. 18 ...",[],https://dehayf5mhw1h7.cloudfront.net/wp-content/uploads/sites/38/2024/08/15162711/GettyImages_Trump_081524163977.webp,-0.2941,461437597,1,mycentraloregon.com,news,MyCentralOregon.com,,2016
8276317466,eng,True,2024-08-15,16:53:12,2024-08-15T16:53:12Z,2024-08-15T16:52:07Z,news,0.0,https://dnyuz.com/2024/08/15/the-stakes-are-different-for-a-woman-running-in-2024-heres-why/,The Stakes Are Different For a Woman Running in 2024. Here's Why,"Stop me if this sounds familiar: A woman is running for president against Donald Trump in a high-stakes election, with fundamental rights and democracy itself on the line.

But despite these ...",[],https://dnyuz.com/wp-content/uploads/2024/08/The-Stakes-Are-Different-For-a-Woman-Running-in-2024.jpeg,0.0824,461436792,1,dnyuz.com,news,DNyuz,,2016
8276314735,eng,False,2024-08-15,16:50:27,2024-08-15T16:50:27Z,2024-08-15T16:49:52Z,news,0.4941,https://www.thedailybeast.com/eight-years-after-hillary-clintons-campaign-the-stakes-are-different-for-kamala-harris,The Stakes Are Different For a Woman Running in 2024. Here's Why,"There are fewer expectations of how a woman in politics should look, dress or act in 2024, argues Amanda Litman. And we can see this in Vice President Harris' candidacy.

Stop me if this sounds ...",[],"https://img.thedailybeast.com/image/upload/c_crop,d_placeholder_euli9k,h_1688,w_3000,x_0,y_0/dpr_2.0/c_limit,w_740/fl_lossy,q_auto/v1723738439/240815-woman-president-hero-shadow_tg7vgu",-0.0118,461436627,1,thedailybeast.com,news,The Daily Beast,eng-9811461,2016
8276307363,eng,True,2024-08-15,16:44:09,2024-08-15T16:44:09Z,2024-08-15T16:43:42Z,news,0.0,https://ktbb.com/post/?p=1347153,Title of the Page,"(NEW YORK) -- Former President Trump is seeking to push back sentencing in his criminal hush money case until after the 2024 presidential election, arguing that the current sentencing date of Sept. 18 ...",[],https://ktbb.com/post/wp-content/media/2024/08/936a4f38bab70490c31b80bb42316efb.jpg,-0.2941,461436249,1,ktbb.com,news,KTBB,,2016
8276303873,eng,True,2024-08-15,16:42:00,2024-08-15T16:42:00Z,2024-08-15T16:40:29Z,news,0.0,https://weisradio.com/2024/08/15/trump-asks-to-push-back-his-hush-money-sentencing-date-until-after-election/,"Trump asks to push back his hush money sentencing date until after election - WEIS | Local & Area News, Sports, & Weather","(NEW YORK) -- Former President Trump is seeking to push back sentencing in his criminal hush money case until after the 2024 presidential election, arguing that the current sentencing date of Sept. 18 ...",[],https://weisradio.com/wp-content/uploads/2024/08/GettyImages_Trump_081524.jpg,-0.2941,461436120,1,weisradio.com,news,WEIS,,2016
8276299879,eng,True,2024-08-15,16:37:58,2024-08-15T16:37:58Z,2024-08-15T16:37:00Z,news,0.0,https://sg.news.yahoo.com/trump-asks-hush-money-judge-160729025.html,Trump Asks Hush Money Judge To Delay Sentencing Until After Election,"Former President Donald Trump is now asking the judge overseeing his criminal hush money case to push back his Sept. 18 sentencing until after the November general election, saying that doing so would ...",[],https://media.zenfs.com/en/the_huffington_post_584/cbe1eb38facfcb0a2961fd48ad58d725,-0.0118,461435878,1,sg.news.yahoo.com,news,Yahoo News,,2016
8276291511,eng,False,2024-08-15,16:30:13,2024-08-15T16:30:13Z,2024-08-15T16:29:39Z,news,0.0,https://abc13.com/post/donald-trump-sentencing-former-president-asks-push-back-hush-money-criminal-hush-money-date-after-election/15189533/,Trump asks to push back his hush money sentencing date until after election,"Former President Donald Trump is seeking to push back sentencing in his criminal hush money case until after the 2024 presidential election, arguing that the current sentencing date of Sept. 18 ...",[],https://cdn.abcotvs.com/dip/images/15189496_trump-in-ny-court-img.jpg?w=1600,-0.4039,461435413,1,abc13.com,news,abc13 News,,2016
8276288285,eng,True,2024-08-15,16:27:14,2024-08-15T16:27:14Z,2024-08-15T16:26:46Z,news,0.0,https://abc7chicago.com/post/donald-trump-sentencing-former-president-asks-push-back-hush-money-criminal-hush-money-date-after-election/15189533/,Trump asks to push back his hush money sentencing date until after election,"Former President Donald Trump is seeking to push back sentencing in his criminal hush money case until after the 2024 presidential election, arguing that the current sentencing date of Sept. 18 ...",[],https://cdn.abcotvs.com/dip/images/15189496_trump-in-ny-court-img.jpg?w=1600,-0.4039,461435234,1,abc7chicago.com,news,ABC7 Chicago,,2016
8276287876,eng,True,2024-08-15,16:26:56,2024-08-15T16:26:56Z,2024-08-15T16:26:23Z,news,0.0,https://abc7.com/post/donald-trump-sentencing-former-president-asks-push-back-hush-money-criminal-hush-money-date-after-election/15189533/,Trump asks to push back his hush money sentencing date until after election,"Former President Donald Trump is seeking to push back sentencing in his criminal hush money case until after the 2024 presidential election, arguing that the current sentencing date of Sept. 18 ...",[],https://cdn.abcotvs.com/dip/images/15189496_trump-in-ny-court-img.jpg?w=1600,-0.4039,461435216,1,abc7.com,news,ABC7,,2016
8276282024,eng,True,2024-08-15,16:22:36,2024-08-15T16:22:36Z,2024-08-15T16:21:55Z,news,0.0,https://abc11.com/post/donald-trump-sentencing-former-president-asks-push-back-hush-money-criminal-hush-money-date-after-election/15189533/,Trump asks to push back his hush money sentencing date until after election,"Former President Donald Trump is seeking to push back sentencing in his criminal hush money case until after the 2024 presidential election, arguing that the current sentencing date of Sept. 18 ...",[],https://cdn.abcotvs.com/dip/images/15189496_trump-in-ny-court-img.jpg?w=1600,-0.4039,461434956,1,abc11.com,news,abc11 News,,2016
8276281564,eng,True,2024-08-15,16:22:06,2024-08-15T16:22:06Z,2024-08-15T16:21:34Z,news,0.0,https://abc7ny.com/post/donald-trump-sentencing-former-president-asks-push-back-hush-money-criminal-hush-money-date-after-election/15189533/,Trump asks to push back his hush money sentencing date until after election,"Former President Donald Trump is seeking to push back sentencing in his criminal hush money case until after the 2024 presidential election, arguing that the current sentencing date of Sept. 18 ...",[],https://cdn.abcotvs.com/dip/images/15189496_trump-in-ny-court-img.jpg?w=1600,-0.4039,461434926,1,abc7ny.com,news,ABC7 New York,,2016
8276280934,eng,True,2024-08-15,16:21:37,2024-08-15T16:21:37Z,2024-08-15T16:21:05Z,news,0.0,https://6abc.com/post/donald-trump-sentencing-former-president-asks-push-back-hush-money-criminal-hush-money-date-after-election/15189533/,Trump asks to push back his hush money sentencing date until after election,"Former President Donald Trump is seeking to push back sentencing in his criminal hush money case until after the 2024 presidential election, arguing that the current sentencing date of Sept. 18 ...",[],https://cdn.abcotvs.com/dip/images/15189496_trump-in-ny-court-img.jpg?w=1600,-0.4039,461434897,1,6abc.com,news,6abc Action News,,2016
8276280925,eng,True,2024-08-15,16:21:37,2024-08-15T16:21:37Z,2024-08-15T16:21:05Z,news,0.0,https://abc30.com/post/donald-trump-sentencing-former-president-asks-push-back-hush-money-criminal-hush-money-date-after-election/15189533/,Trump asks to push back his hush money sentencing date until after election,"Former President Donald Trump is seeking to push back sentencing in his criminal hush money case until after the 2024 presidential election, arguing that the current sentencing date of Sept. 18 ...",[],https://cdn.abcotvs.com/dip/images/15189496_trump-in-ny-court-img.jpg?w=1600,-0.4039,461434897,1,abc30.com,news,ABC30 News,,2016
8276279428,eng,True,2024-08-15,16:20:44,2024-08-15T16:20:44Z,2024-08-15T16:19:57Z,news,0.0,https://abc7news.com/post/donald-trump-sentencing-former-president-asks-push-back-hush-money-criminal-hush-money-date-after-election/15189533/,Trump asks to push back his hush money sentencing date until after election,"Former President Donald Trump is seeking to push back sentencing in his criminal hush money case until after the 2024 presidential election, arguing that the current sentencing date of Sept. 18 ...",[],https://cdn.abcotvs.com/dip/images/15189496_trump-in-ny-court-img.jpg?w=1600,-0.4039,461434844,1,abc7news.com,news,ABC7 News,,2016
8276266999,eng,False,2024-08-15,16:10:47,2024-08-15T16:10:47Z,2024-08-15T16:10:09Z,news,0.7294,https://www.huffpost.com/entry/trump-delay-hush-money-sentencing_n_66be1cafe4b04090eac438c6,Trump Asks Hush Money Judge To Delay Sentencing Until After Election,"The Republican presidential nominee is presently expected to be sentenced in September.

Former President Donald Trump is now asking the judge overseeing his criminal hush money case to push back his ...",[],https://img.huffingtonpost.com/asset/66be1c602200003200ba6cc2.jpeg?cache=tFaqkJ2QOE&ops=1200_630,-0.0196,461434247,1,huffpost.com,news,HuffPost,eng-9816475,2016
8276261143,eng,False,2024-08-15,16:06:12,2024-08-15T16:06:12Z,2024-08-15T16:05:22Z,news,0.6,https://www.ntd.com/trump-seeks-sentencing-delay-in-manhattan-criminal-case-until-after-election_1011033.html,Trump Seeks Sentencing Delay in Manhattan Criminal Case Until After Election,"Former President and Republican presidential candidate Donald Trump attends his criminal trial at Manhattan Criminal Court in New York City, on May 30, 2024. (Seth Wenig/POOL/AFP via Getty ...",[],https://i.ntd.com/assets/uploads/2024/04/id984881-FotoJet.jpg,-0.2,461433972,1,ntd.com,news,NTD,eng-9816475,2016
8276254020,eng,False,2024-08-15,16:00:42,2024-08-15T16:00:42Z,2024-08-15T16:00:02Z,news,0.4588,https://www.theepochtimes.com/us/trump-seeks-sentencing-delay-in-manhattan-criminal-case-until-after-election-5706313,Trump Seeks Sentencing Delay in Manhattan Criminal Case Until After Election,Former President Donald Trump's attorneys have asked the judge overseeing his business records falsification case in New York to postpone the former president's sentencing from the end of September ...,[],https://img.theepochtimes.com/assets/uploads/2024/05/30/id5659615-GettyImages-2154683632-LSedit-1080x720.jpg,-0.1373,461433642,1,theepochtimes.com,news,www.theepochtimes.com,eng-9816475,2016
8276253015,eng,False,2024-08-15,16:00:13,2024-08-15T16:00:13Z,2024-08-15T15:59:21Z,news,0.5804,https://www.firstpost.com/world/no-basis-for-continuing-to-rush-trump-wants-sentencing-in-hush-money-case-be-postponed-until-after-election-13805029.html,'No basis for continuing to rush': Trump wants sentencing in hush money case be postponed until after election,"Former US president Donald Trump has asked the New York judge who oversaw his hush money case trial to delay his sentencing until after November's presidential election.

Trump was convicted in May of ...",[],"https://images.firstpost.com/uploads/2024/08/Untitled-2024-08-09T023451.238-2024-08-5f61f3168f2908519c58faf4a5095bc5.jpg?im=FitAndFill=(1200,675)",-0.2549,461433613,1,firstpost.com,news,Firstpost,eng-9816475,2016
2024-08-455330689,eng,True,2024-08-15,15:41:53,2024-08-15T15:41:53Z,2024-08-15T15:20:52Z,news,0.0,https://wgntv.com/politics-3/trump-seeks-to-delay-criminal-sentencing-until-after-election/,Trump seeks to delay criminal sentencing until after election,"Former President Trump asked the New York judge who oversaw his recent criminal trial to delay his sentencing until after November's presidential election.

Judge Juan Merchan previously agreed to ...","{'uri': ['zach_schonfeld@wgntv.com'], 'name': ['Zach Schonfeld'], 'type': ['author'], 'isAgency': [False]}",https://wgntv.com/wp-content/uploads/sites/5/2024/08/66b23f3be487f9.79556841-e1722969015143.jpeg?strip=1&w=640,-0.2706,461432513,1,wgntv.com,news,WGN-TV,,2016
8276197611,eng,False,2024-08-15,15:17:01,2024-08-15T15:17:01Z,2024-08-15T15:16:17Z,news,0.5843,https://www.cbsnews.com/news/trump-sentencing-hush-money-case-election/,"Trump seeks to delay sentencing in ""hush money"" case until after election","Attorneys for former President Donald Trump asked the judge overseeing his criminal case in New York to delay his sentencing until after the presidential election in November, arguing that a delay is ...",[],https://assets2.cbsnewsstatic.com/hub/i/r/2024/05/29/acd032c6-f730-47f8-bb24-370a63c6ea26/thumbnail/1200x630/901dce2b7e3a781e9151bf4cd800eeb4/gettyimages-2154611694.jpg?v=d8f7565ef3e8b72561ee316b5993cbf9,-0.1608,461431021,1,cbsnews.com,news,CBS News,eng-9816475,2016
8276194563,eng,True,2024-08-15,15:14:31,2024-08-15T15:14:31Z,2024-08-15T15:14:01Z,news,0.0,https://www.nbcbayarea.com/news/business/money-report/jd-vance-accepts-vp-debate-with-tim-walz-on-oct-1-challenges-him-to-another/3626318/,"JD Vance accepts VP debate with Tim Walz on Oct. 1, challenges him to another","Trump is scheduled to be sentenced that day in his criminal hush money case in New York.

Republican presidential running mate JD Vance said Thursday he will debate Democratic vice presidential ...",[],https://media.nbcbayarea.com/2024/08/108018104-1723133258732-Untitled-4.jpg?quality=85&strip=all&resize=1200%2C675,0.1059,461430871,1,nbcbayarea.com,news,NBC Bay Area,,2016
2024-08-455309461,eng,False,2024-08-15,15:14:30,2024-08-15T15:14:30Z,2024-08-15T15:11:38Z,news,0.6667,https://thehill.com/regulation/court-battles/4829349-trump-new-york-trial-requests-sentencing-delay/,Trump seeks to delay criminal sentencing until after election,"Former President Trump asked the New York judge who oversaw his recent criminal trial to delay his sentencing until after November's presidential election.

Judge Juan Merchan previously agreed to ...","{'uri': ['zach_schonfeld@thehill.com'], 'name': ['Zach Schonfeld'], 'type': ['author'], 'isAgency': [False]}",https://thehill.com/wp-content/uploads/sites/2/2024/08/66b23f3be487f9.79556841-e1722969015143.jpeg?strip=1&w=640,-0.2706,461430870,1,thehill.com,news,The Hill,eng-9816475,2016
8276193754,eng,True,2024-08-15,15:13:49,2024-08-15T15:13:49Z,2024-08-15T15:13:20Z,news,0.0,https://www.nbcboston.com/news/business/money-report/jd-vance-accepts-vp-debate-with-tim-walz-on-oct-1-challenges-him-to-another/3460965/,"JD Vance accepts VP debate with Tim Walz on Oct. 1, challenges him to another","Trump is scheduled to be sentenced that day in his criminal hush money case in New York.

Republican presidential running mate JD Vance said Thursday he will debate Democratic vice presidential ...",[],https://media.nbcboston.com/2024/08/108018104-1723133258732-Untitled-4.jpg?quality=85&strip=all&resize=1200%2C675,0.1059,461430829,1,nbcboston.com,news,NBC Boston,,2016
8276188190,eng,True,2024-08-15,15:09:42,2024-08-15T15:09:42Z,2024-08-15T15:09:03Z,news,0.0,https://www.nbcwashington.com/news/business/money-report/jd-vance-accepts-vp-debate-with-tim-walz-on-oct-1-challenges-him-to-another/3694979/,"JD Vance accepts VP debate with Tim Walz on Oct. 1, challenges him to another","Trump is scheduled to be sentenced that day in his criminal hush money case in New York.

Republican presidential running mate JD Vance said Thursday he will debate Democratic vice presidential ...",[],https://media.nbcwashington.com/2024/08/108018104-1723133258732-Untitled-4.jpg?quality=85&strip=all&resize=1200%2C675,0.1059,461430582,1,nbcwashington.com,news,NBC4 Washington,,2016
8276179061,eng,True,2024-08-15,15:04:00,2024-08-15T15:04:00Z,2024-08-15T15:02:36Z,news,0.0,https://www.nbcdfw.com/news/business/money-report/jd-vance-accepts-vp-debate-with-tim-walz-on-oct-1-challenges-him-to-another/3622140/,"JD Vance accepts VP debate with Tim Walz on Oct. 1, challenges him to another","Trump is scheduled to be sentenced that day in his criminal hush money case in New York.

Republican presidential running mate JD Vance said Thursday he will debate Democratic vice presidential ...",[],https://media.nbcdfw.com/2024/08/108018104-1723133258732-Untitled-4.jpg?quality=85&strip=all&resize=1200%2C675,0.1059,461430240,1,nbcdfw.com,news,NBC 5 Dallas-Fort Worth,,2016
8276178520,eng,True,2024-08-15,15:02:44,2024-08-15T15:02:44Z,2024-08-15T15:02:16Z,news,0.0,https://www.nbcphiladelphia.com/news/business/money-report/jd-vance-accepts-vp-debate-with-tim-walz-on-oct-1-challenges-him-to-another/3944582/,"JD Vance accepts VP debate with Tim Walz on Oct. 1, challenges him to another","Trump is scheduled to be sentenced that day in his criminal hush money case in New York.

Republican presidential running mate JD Vance said Thursday he will debate Democratic vice presidential ...",[],https://media.nbcphiladelphia.com/2024/08/108018104-1723133258732-Untitled-4.jpg?quality=85&strip=all&resize=1200%2C675,0.1059,461430164,1,nbcphiladelphia.com,news,NBC10 Philadelphia,,2016
8276175249,eng,True,2024-08-15,15:00:36,2024-08-15T15:00:36Z,2024-08-15T14:59:53Z,news,0.0,https://www.nbcchicago.com/news/national-international/jd-vance-accepts-vp-debate-with-tim-walz-on-oct-1-challenges-him-to-another/3522924/,"JD Vance accepts VP debate with Tim Walz on Oct. 1, challenges him to another","Trump is scheduled to be sentenced that day in his criminal hush money case in New York.

Republican presidential running mate JD Vance said Thursday he will debate Democratic vice presidential ...",[],https://media.nbcchicago.com/2024/08/108018104-1723133258732-Untitled-4.jpg?quality=85&strip=all&resize=1200%2C675,0.1059,461430036,1,nbcchicago.com,news,NBC Chicago,,2016
8276169668,eng,True,2024-08-15,14:55:41,2024-08-15T14:55:41Z,2024-08-15T14:55:15Z,news,0.0,https://www.nbclosangeles.com/news/business/money-report/jd-vance-accepts-vp-debate-with-tim-walz-on-oct-1-challenges-him-to-another/3488878/,"JD Vance accepts VP debate with Tim Walz on Oct. 1, challenges him to another","Trump is scheduled to be sentenced that day in his criminal hush money case in New York.

Republican presidential running mate JD Vance said Thursday he will debate Democratic vice presidential ...",[],https://media.nbclosangeles.com/2024/08/108018104-1723133258732-Untitled-4.jpg?quality=85&strip=all&resize=1200%2C675,0.1059,461429741,1,nbclosangeles.com,news,NBC Southern California,,2016
2024-08-455284991,eng,False,2024-08-15,14:51:02,2024-08-15T14:51:02Z,2024-08-15T14:42:28Z,news,0.7216,https://abcnews.go.com/US/trump-asks-push-back-hush-money-sentencing-date/story?id=112861971,Trump asks to push back his hush money sentencing date to after election,"Former President Trump is seeking to push back sentencing in his criminal hush money case until after the 2024 presidential election, arguing that the current sentencing date of Sept. 18 advances what ...","{'uri': ['aaron_katersky@abcnews.go.com'], 'name': ['Aaron Katersky'], 'type': ['author'], 'isAgency': [False]}",https://i.abcnewsfe.com/a/5cfe489e-55d9-4172-bb80-aed88f76c0c6/trump-philadelphia-campaign-rt-lv-240702_1719954774298_hpMain_16x9.jpg?w=1600,-0.2314,461429462,1,abcnews.go.com,news,ABC News,eng-9816475,2016
8276162398,eng,True,2024-08-15,14:50:17,2024-08-15T14:50:17Z,2024-08-15T14:49:45Z,news,0.0,https://www.nbcnewyork.com/news/business/money-report/jd-vance-accepts-vp-debate-with-tim-walz-on-oct-1-challenges-him-to-another/5708046/,"JD Vance accepts VP debate with Tim Walz on Oct. 1, challenges him to another","Trump is scheduled to be sentenced that day in his criminal hush money case in New York.

Republican presidential running mate JD Vance said Thursday he will debate Democratic vice presidential ...",[],https://media.nbcnewyork.com/2024/08/108018104-1723133258732-Untitled-4.jpg?quality=85&strip=all&resize=1200%2C675,0.1059,461429417,1,nbcnewyork.com,news,NBC New York,,2016
8276160296,eng,False,2024-08-15,14:48:34,2024-08-15T14:48:34Z,2024-08-15T14:48:07Z,news,0.7647,https://www.nbcmiami.com/news/business/money-report/jd-vance-accepts-vp-debate-with-tim-walz-on-oct-1-challenges-him-to-another/3393038/,"JD Vance accepts VP debate with Tim Walz on Oct. 1, challenges him to another","Trump is scheduled to be sentenced that day in his criminal hush money case in New York.

Republican presidential running mate JD Vance said Thursday he will debate Democratic vice presidential ...",[],https://media.nbcmiami.com/2024/08/108018104-1723133258732-Untitled-4.jpg?quality=85&strip=all&resize=1200%2C675,0.1059,461429314,1,nbcmiami.com,news,NBC 6 South Florida,eng-9818082,2016
2024-08-455181821,eng,False,2024-08-15,13:06:01,2024-08-15T13:06:01Z,2024-08-15T13:00:00Z,news,0.0,https://thehill.com/opinion/campaign/4827746-trump-harris-landslide-polls/,Harris is catching up after a predicted Trump 'landslide'  --  but can we trust the polls?,"Although presidential campaigns have been decidedly closer in the 40 years since the Reagan-Mondale race, it is nonetheless instructive to look back at the last landslide; doing so tells us something ...",[],https://thehill.com/wp-content/uploads/sites/2/2024/08/AP24224108240042-e1723653879783.jpg?strip=1&w=640,0.0588,461423161,1,thehill.com,news,The Hill,,2016
8275991857,eng,False,2024-08-15,12:48:11,2024-08-15T12:48:11Z,2024-08-15T12:47:26Z,news,0.0,https://www.alternet.org/michael-moore-trump-harris-guardian/,Michael Moore details game plan to 'nail' Trump's 'idiocy and insanity',"During the United States' 2016 presidential election, liberal/progressive filmmaker Michael Moore predicted that GOP nominee Donald Trump would win Pennsylvania, Wisconsin and Michigan -- three Rust ...",[],https://www.alternet.org/media-library/image.jpg?id=53357516&width=1200&height=600&coordinates=0%2C0%2C0%2C249,0.0588,461422091,1,alternet.org,news,Alternet.org,,2016
2024-08-455156386,eng,True,2024-08-15,12:38:25,2024-08-15T12:38:25Z,2024-08-15T12:09:00Z,news,0.0,https://www.heraldonline.com/news/nation-world/national/article291079460.html,Judge Merchan's Daughter Received Death Threats After Trump Attacks-Boss,"The daughter of the judge overseeing Donald Trump's criminal hush money case received death threats and was advised to leave her home by law enforcement, according to her consulting firm ...","{'uri': ['james_bickerton@heraldonline.com'], 'name': ['James Bickerton'], 'type': ['author'], 'isAgency': [False]}",https://www.mcclatchy-wires.com/incoming/wmk0kl/picture291079440/alternates/LANDSCAPE_1140/008fa552-ad22-41bb-981e-d83e9cee3226,-0.302,461421505,1,heraldonline.com,news,The Herald,,2016
2024-08-455156015,eng,True,2024-08-15,12:37:25,2024-08-15T12:37:25Z,2024-08-15T12:09:00Z,news,0.0,https://www.theolympian.com/news/nation-world/national/article291079460.html,Judge Merchan's Daughter Received Death Threats After Trump Attacks-Boss,"The daughter of the judge overseeing Donald Trump's criminal hush money case received death threats and was advised to leave her home by law enforcement, according to her consulting firm ...","{'uri': ['james_bickerton@theolympian.com'], 'name': ['James Bickerton'], 'type': ['author'], 'isAgency': [False]}",https://www.mcclatchy-wires.com/incoming/wmk0kl/picture291079440/alternates/LANDSCAPE_1140/008fa552-ad22-41bb-981e-d83e9cee3226,-0.302,461421445,1,theolympian.com,news,The  Olympian,,2016
2024-08-455146700,eng,True,2024-08-15,12:28:34,2024-08-15T12:28:34Z,2024-08-15T12:09:00Z,news,0.0,https://www.idahostatesman.com/news/nation-world/national/article291079460.html,Judge Merchan's Daughter Received Death Threats After Trump Attacks-Boss,"The daughter of the judge overseeing Donald Trump's criminal hush money case received death threats and was advised to leave her home by law enforcement, according to her consulting firm ...","{'uri': ['james_bickerton@idahostatesman.com'], 'name': ['James Bickerton'], 'type': ['author'], 'isAgency': [False]}",https://www.mcclatchy-wires.com/incoming/wmk0kl/picture291079440/alternates/LANDSCAPE_1140/008fa552-ad22-41bb-981e-d83e9cee3226,-0.302,461420914,1,idahostatesman.com,news,Idaho Statesman,,2016
2024-08-455143461,eng,True,2024-08-15,12:25:44,2024-08-15T12:25:44Z,2024-08-15T12:09:00Z,news,0.0,https://www.myrtlebeachonline.com/news/nation-world/national/article291079460.html,Judge Merchan's Daughter Received Death Threats After Trump Attacks-Boss,"The daughter of the judge overseeing Donald Trump's criminal hush money case received death threats and was advised to leave her home by law enforcement, according to her consulting firm ...","{'uri': ['james_bickerton@myrtlebeachonline.com'], 'name': ['James Bickerton'], 'type': ['author'], 'isAgency': [False]}",https://www.mcclatchy-wires.com/incoming/wmk0kl/picture291079440/alternates/LANDSCAPE_1140/008fa552-ad22-41bb-981e-d83e9cee3226,-0.302,461420744,1,myrtlebeachonline.com,news,MyrtleBeachOnline,,2016
2024-08-455138471,eng,True,2024-08-15,12:20:49,2024-08-15T12:20:49Z,2024-08-15T12:09:00Z,news,0.0,https://www.charlotteobserver.com/news/nation-world/national/article291079460.html,Judge Merchan's Daughter Received Death Threats After Trump Attacks-Boss,"The daughter of the judge overseeing Donald Trump's criminal hush money case received death threats and was advised to leave her home by law enforcement, according to her consulting firm ...","{'uri': ['james_bickerton@charlotteobserver.com'], 'name': ['James Bickerton'], 'type': ['author'], 'isAgency': [False]}",https://www.mcclatchy-wires.com/incoming/wmk0kl/picture291079440/alternates/LANDSCAPE_1140/008fa552-ad22-41bb-981e-d83e9cee3226,-0.302,461420449,1,charlotteobserver.com,news,The Charlotte Observer,,2016
2024-08-455130540,eng,True,2024-08-15,12:13:39,2024-08-15T12:13:39Z,2024-08-15T12:09:00Z,news,0.0,https://www.kansascity.com/news/nation-world/national/article291079460.html,Judge Merchan's Daughter Received Death Threats After Trump Attacks-Boss,"The daughter of the judge overseeing Donald Trump's criminal hush money case received death threats and was advised to leave her home by law enforcement, according to her consulting firm ...","{'uri': ['james_bickerton@kansascity.com'], 'name': ['James Bickerton'], 'type': ['author'], 'isAgency': [False]}",https://www.mcclatchy-wires.com/incoming/wmk0kl/picture291079440/alternates/LANDSCAPE_1140/008fa552-ad22-41bb-981e-d83e9cee3226,-0.302,461420019,1,kansascity.com,news,The Kansas City Star,,2016
2024-08-455126384,eng,True,2024-08-15,12:10:20,2024-08-15T12:10:20Z,2024-08-15T12:08:42Z,news,0.0,https://www.thenewstribune.com/news/nation-world/national/article291079460.html,Judge Merchan's Daughter Received Death Threats After Trump Attacks-Boss,"The daughter of the judge overseeing Donald Trump's criminal hush money case received death threats and was advised to leave her home by law enforcement, according to her consulting firm ...","{'uri': ['james_bickerton@thenewstribune.com'], 'name': ['James Bickerton'], 'type': ['author'], 'isAgency': [False]}",https://www.mcclatchy-wires.com/incoming/wmk0kl/picture291079440/alternates/LANDSCAPE_1140/008fa552-ad22-41bb-981e-d83e9cee3226,-0.302,461419820,1,thenewstribune.com,news,The News Tribune,,2016
2024-08-455125995,eng,True,2024-08-15,12:08:26,2024-08-15T12:08:26Z,2024-08-15T11:58:01Z,news,0.0,https://www.miamiherald.com/news/nation-world/national/article291079460.html,Judge Merchan's Daughter Received Death Threats After Trump Attacks-Boss,"The daughter of the judge overseeing Donald Trump's criminal hush money case received death threats and was advised to leave her home by law enforcement, according to her consulting firm ...","{'uri': ['james_bickerton@miamiherald.com'], 'name': ['James Bickerton'], 'type': ['author'], 'isAgency': [False]}",https://www.mcclatchy-wires.com/incoming/wmk0kl/picture291079440/alternates/LANDSCAPE_1140/008fa552-ad22-41bb-981e-d83e9cee3226,-0.302,461419706,1,miamiherald.com,news,Miami Herald,,2016
2024-08-455124105,eng,True,2024-08-15,12:07:21,2024-08-15T12:07:21Z,2024-08-15T11:58:01Z,news,0.0,https://www.centredaily.com/news/nation-world/national/article291079460.html,Judge Merchan's Daughter Received Death Threats After Trump Attacks-Boss,"The daughter of the judge overseeing Donald Trump's criminal hush money case received death threats and was advised to leave her home by law enforcement, according to her consulting firm ...","{'uri': ['james_bickerton@centredaily.com'], 'name': ['James Bickerton'], 'type': ['author'], 'isAgency': [False]}",https://www.mcclatchy-wires.com/incoming/wmk0kl/picture291079440/alternates/LANDSCAPE_1140/008fa552-ad22-41bb-981e-d83e9cee3226,-0.302,461419641,1,centredaily.com,news,Centre Daily Times,,2016
