uri,lang,isDuplicate,date,time,dateTime,dateTimePub,dataType,sim,url,title,body,authors,image,sentiment,wgt,relevance,source.uri,source.dataType,source.title,eventUri
8320702830,eng,True,2024-09-14,05:26:14,2024-09-14T05:26:14Z,2024-09-14T05:25:55Z,news,0.0,https://morungexpress.com/sunita-williams-to-cast-vote-in-us-presidential-elections-from-space,Sunita Williams to cast vote in US presidential elections from space,"Washington, September 14 (IANS) Indian-origin astronaut Sunita Williams and her fellow NASA colleague Butch Wilmore, currently stuck on the International Space Station (ISS), expressed their ...",[],https://morungexpress.com/uploads/2024/09/22811635_1726288503_202409143222436 (2).jpg,0.1137,463987574,1,morungexpress.com,news,MorungExpress,
8320702424,eng,False,2024-09-14,05:25:45,2024-09-14T05:25:45Z,2024-09-14T05:25:18Z,news,0.7098,https://www.firstpost.com/world/united-states/how-nasa-astronauts-sunita-williams-butch-wilmore-stranded-in-space-will-vote-in-2024-us-election-13815166.html,"How Nasa astronauts Sunita Williams and Butch Wilmore, stranded in space, will vote in US election","NASA Astronauts Butch Wilmore and Sunita Williams are scheduled to return to Earth in February 2025. X/Commercial_Crew

Nasa astronauts Sunita Williams and Butch Wilmore are stranded aboard the ...",[],"https://images.firstpost.com/uploads/2024/09/Sunita-Butch-ISS-1-X-2024-09-94a55bfec621326c811b49d703b4907e.jpg?im=FitAndFill=(1200,675)",0.1843,463987545,1,firstpost.com,news,Firstpost,zho-1686788
8320698560,eng,True,2024-09-14,05:22:17,2024-09-14T05:22:17Z,2024-09-14T05:20:30Z,news,0.0,https://www.yahoo.com/news/bill-maher-amazed-taylor-swift-051539411.html,Bill Maher Is Amazed By Taylor Swift and George Clooney's Influence on 2024 Election,"Bill Maher eventually got to the ""big news this week"" on the latest episode of HBO's Real Time -- Taylor Swift's endorsement of Kamala Harris.

The host appeared amazed at the pop superstar's ...",[],https://s.yimg.com/ny/api/res/1.2/_tlZUuI5Nlwz6zmqrwfRqg--/YXBwaWQ9aGlnaGxhbmRlcjt3PTEyMDA7aD02NzY7Y2Y9d2VicA--/https://media.zenfs.com/en/the_hollywood_reporter_217/7d348565b45687d4e503d3b08103df66,0.1922,463987337,1,yahoo.com,news,Yahoo,
8320697088,eng,False,2024-09-14,05:18:48,2024-09-14T05:18:48Z,2024-09-14T05:18:33Z,news,0.5451,https://www.hollywoodreporter.com/tv/tv-news/bill-maher-taylor-swift-george-clooney-influence-2024-election-1236001540/,Bill Maher Is Amazed By Taylor Swift and George Clooney's Influence on 2024 Election,"Bill Maher eventually got to the ""big news this week"" on the latest episode of HBO's Real Time -- Taylor Swift's endorsement of Kamala Harris.

The host appeared amazed at the pop superstar's ...","{'uri': ['carly_thomas@hollywoodreporter.com'], 'name': ['Carly Thomas'], 'type': ['author'], 'isAgency': [False]}",https://www.hollywoodreporter.com/wp-content/uploads/2024/09/Bill-Maher-Taylor-Swift-getty-H-2024.jpg?w=1296&h=730&crop=1,0.1922,463987128,1,hollywoodreporter.com,news,The Hollywood Reporter,eng-9898353
8320695253,eng,True,2024-09-14,05:16:37,2024-09-14T05:16:37Z,2024-09-14T05:16:22Z,news,0.0,https://ommcomnews.com/world-news/sunita-williams-to-cast-vote-in-us-presidential-elections-from-space,Sunita Williams To Cast Vote In US Presidential Elections From Space | World,"Washington: Indian-origin astronaut Sunita Williams and her fellow NASA colleague Butch Wilmore, currently stuck on the International Space Station (ISS), expressed their anticipation on Saturday for ...",[],https://ommcomnews.com/wp-content/uploads/2024/09/Sunita-Williams-to-cast-vote-in-US-presidential-elections-from-space.jpg,0.1137,463986997,1,ommcomnews.com,news,Ommcom News,
8320682456,eng,True,2024-09-14,05:00:54,2024-09-14T05:00:54Z,2024-09-14T04:59:59Z,news,0.0,https://newsroomodisha.com/sunita-williams-to-cast-vote-in-us-presidential-elections-from-space/,Sunita Williams to cast vote in US presidential elections from space | News Room Odisha,"Washington: Indian-origin astronaut Sunita Williams and her fellow NASA colleague Butch Wilmore, currently stuck on the International Space Station (ISS), expressed their anticipation on Saturday for ...",[],https://newsroomodisha.com/wp-content/uploads/2024/09/202409143222436-4kCZW0.png,0.1137,463986054,1,newsroomodisha.com,news,News Room Odisha,
8320681821,eng,True,2024-09-14,05:00:46,2024-09-14T05:00:46Z,2024-09-14T04:59:06Z,news,0.0,http://www.uniindia.com/trump-says-voting-for-harris-voting-for-war-with-russia/world/news/3283122.html,Trump says voting for Harris voting for war with Russia,"Washington, Sep 14 (UNI) A vote for US Vice President Kamala Harris in the 2024 presidential election is a vote in favor of war with Russia, former US President Donald Trump said.

""A vote for Comrade ...",[],https://www.uniindia.com/cms/gall_content/2024/9/2024_9$largeimg14_Sep_2024_100330757.jpg,-0.051,463986046,1,uniindia.com,news,http://www.uniindia.com/fadnavis-orders-probe-into-mumbai-pub-fire/states/news/1090400.html,
8320681819,eng,True,2024-09-14,05:00:17,2024-09-14T05:00:17Z,2024-09-14T04:59:06Z,news,0.0,http://www.uniindia.com/~/trump-says-voting-for-harris-voting-for-war-with-russia/World/news/3283122.html,Trump says voting for Harris voting for war with Russia,"Washington, Sep 14 (UNI) A vote for US Vice President Kamala Harris in the 2024 presidential election is a vote in favor of war with Russia, former US President Donald Trump said.

""A vote for Comrade ...",[],https://www.uniindia.com/cms/gall_content/2024/9/2024_9$largeimg14_Sep_2024_100330757.jpg,-0.051,463986017,1,uniindia.com,news,http://www.uniindia.com/fadnavis-orders-probe-into-mumbai-pub-fire/states/news/1090400.html,
8320681825,eng,True,2024-09-14,05:00:14,2024-09-14T05:00:14Z,2024-09-14T04:59:06Z,news,0.0,http://www.uniindia.com/news/world/trump-says-voting-for-harris-voting-for-war-with-russia/3283122.html,Trump says voting for Harris voting for war with Russia,"Washington, Sep 14 (UNI) A vote for US Vice President Kamala Harris in the 2024 presidential election is a vote in favor of war with Russia, former US President Donald Trump said.

""A vote for Comrade ...",[],https://www.uniindia.com/cms/gall_content/2024/9/2024_9$largeimg14_Sep_2024_100330757.jpg,-0.051,463986014,1,uniindia.com,news,http://www.uniindia.com/fadnavis-orders-probe-into-mumbai-pub-fire/states/news/1090400.html,
8320677148,eng,False,2024-09-14,04:53:12,2024-09-14T04:53:12Z,2024-09-14T04:51:49Z,news,0.7569,https://www.latestly.com/world/sunita-williams-and-butch-wilmore-to-cast-vote-in-us-presidential-elections-2024-from-space-says-nasa-makes-it-very-easy-for-us-to-do-that-6265345.html,"Sunita Williams and Butch Wilmore To Cast Vote in US Presidential Elections 2024 From Space, Says 'NASA Makes It Very Easy for Us To Do That' | ðŸŒŽ LatestLY","Washington, September 14: Indian-origin astronaut Sunita Williams and her fellow NASA colleague Butch Wilmore, currently stuck on the International Space Station (ISS), expressed their anticipation on ...",[],https://st1.latestly.com/wp-content/uploads/2024/07/Sunita-Williams-Barry-Butch-Wilmore-784x441.jpg,0.1843,463985592,1,latestly.com,news,LatestLY,zho-1686788
8320675552,eng,False,2024-09-14,04:49:42,2024-09-14T04:49:42Z,2024-09-14T04:49:07Z,news,0.6431,https://www.skynews.com.au/world-news/united-states/us-pop-star-taylor-swifts-endorsement-of-vp-kamala-harris-for-president-drives-more-than-400k-visitors-to-election-website/news-story/785e81820512bfb3c2fa78f8f7be21c6,Taylor Swift's endorsement of VP Kamala Harris sees immediate impact,"Taylor Swift's endorsement of Kamala Harris has had an immediate impact, driving more than 400,000 visitors to a US election website after she revealed how she intended to vote.

Following a crucial ...",[],https://content.api.news/v3/images/bin/d70fe4c04974c6e3d6ce67018ab14a7e,0.1216,463985382,1,skynews.com.au,news,Sky News Australia,eng-9900492
8320668344,eng,True,2024-09-14,04:40:16,2024-09-14T04:40:16Z,2024-09-14T04:38:09Z,news,0.0,http://uniindia.com/~/trump-says-voting-for-harris-voting-for-war-with-russia/World/news/3283122.html,Trump says voting for Harris voting for war with Russia,"Washington, Sep 14 (UNI) A vote for US Vice President Kamala Harris in the 2024 presidential election is a vote in favor of war with Russia, former US President Donald Trump said.

""A vote for Comrade ...",[],https://www.uniindia.com/cms/gall_content/2024/9/2024_9$largeimg14_Sep_2024_100330757.jpg,-0.051,463984816,1,uniindia.com,news,http://www.uniindia.com/fadnavis-orders-probe-into-mumbai-pub-fire/states/news/1090400.html,
8320668346,eng,True,2024-09-14,04:39:49,2024-09-14T04:39:49Z,2024-09-14T04:38:09Z,news,0.0,http://uniindia.com/news/world/trump-says-voting-for-harris-voting-for-war-with-russia/3283122.html,Trump says voting for Harris voting for war with Russia,"Washington, Sep 14 (UNI) A vote for US Vice President Kamala Harris in the 2024 presidential election is a vote in favor of war with Russia, former US President Donald Trump said.

""A vote for Comrade ...",[],https://www.uniindia.com/cms/gall_content/2024/9/2024_9$largeimg14_Sep_2024_100330757.jpg,-0.051,463984789,1,uniindia.com,news,http://www.uniindia.com/fadnavis-orders-probe-into-mumbai-pub-fire/states/news/1090400.html,
8320668359,eng,False,2024-09-14,04:39:09,2024-09-14T04:39:09Z,2024-09-14T04:38:09Z,news,0.0,http://uniindia.com/trump-says-voting-for-harris-voting-for-war-with-russia/world/news/3283122.html,Trump says voting for Harris voting for war with Russia,"Washington, Sep 14 (UNI) A vote for US Vice President Kamala Harris in the 2024 presidential election is a vote in favor of war with Russia, former US President Donald Trump said.

""A vote for Comrade ...",[],https://www.uniindia.com/cms/gall_content/2024/9/2024_9$largeimg14_Sep_2024_100330757.jpg,-0.051,463984749,1,uniindia.com,news,http://www.uniindia.com/fadnavis-orders-probe-into-mumbai-pub-fire/states/news/1090400.html,
2024-09-484870513,eng,True,2024-09-14,04:30:39,2024-09-14T04:30:39Z,2024-09-14T03:45:13Z,news,0.0,https://in.investing.com/news/world-news/sunita-williams-to-cast-vote-in-us-presidential-elections-from-space-4428339,Sunita Williams to cast vote in US presidential elections from space By IANS,"Washington, Sep 14 (IANS) Indian-origin astronaut Sunita Williams and her fellow NASA colleague Butch Wilmore, currently stuck on the International Space Station (ISS), expressed their anticipation on ...",[],https://i-invdn-com.investing.com/news/LYNXNPEC2E0U7_L.jpg,0.1686,463984239,1,in.investing.com,news,Investing.com India,
8320660549,eng,True,2024-09-14,04:29:13,2024-09-14T04:29:13Z,2024-09-14T04:28:50Z,news,0.0,https://www.newsweek.com/full-list-republicans-vowing-certify-2024-election-results-1953808,Full list of Republicans vowing to certify 2024 election results,"A bipartisan group in Congress has vowed to certify the 2024 election results and attend the inauguration of the winner, according to a letter signed on Thursday.

New Jersey Democratic Representative ...","{'uri': ['anna_commander@newsweek.com'], 'name': ['Anna Commander'], 'type': ['author'], 'isAgency': [False]}",https://d.newsweek.com/en/full/2471340/voting-machine.webp?w=1600&h=900&q=88&f=498c176707ce57f5bc34dff87350cdd8,0.1765,463984153,1,newsweek.com,news,Newsweek,
8320660114,eng,False,2024-09-14,04:28:43,2024-09-14T04:28:43Z,2024-09-14T04:28:11Z,news,0.5922,https://dnyuz.com/2024/09/14/full-list-of-republicans-vowing-to-certify-2024-election-results/,Full List of Republicans Vowing to Certify 2024 Election Results,"A bipartisan group in Congress has vowed to certify the 2024 election results and attend the inauguration of the winner, according to a letter signed on Thursday.

New Jersey Democratic Representative ...",[],https://dnyuz.com/wp-content/uploads/2024/09/Full-List-of-Republicans-Vowing-to-Certify-2024-Election-Results.jpg,0.1765,463984123,1,dnyuz.com,news,DNyuz,eng-9903170
8320659204,eng,False,2024-09-14,04:27:22,2024-09-14T04:27:22Z,2024-09-14T04:26:28Z,news,0.702,https://telanganatoday.com/fulfilling-civic-duty-sunita-williams-to-cast-vote-in-us-polls-from-space,Fulfilling civic duty: Sunita Williams to cast vote in US polls from space,"Both the astronauts, including Butch Wilmore, emphasised the significance of fulfilling their civic duty despite being in orbit

Both astronauts emphasised the significance of fulfilling their civic ...","{'uri': ['telangana_today@telanganatoday.com'], 'name': ['Telangana Today'], 'type': ['author'], 'isAgency': [False]}",https://media.telanganatoday.com/wp-content/uploads/2024/09/NASA-Astronauts.jpg,0.2235,463984042,1,telanganatoday.com,news,Telangana Today,zho-1686788
8320657284,eng,False,2024-09-14,04:23:28,2024-09-14T04:23:28Z,2024-09-14T04:23:13Z,news,0.0,https://ommcomnews.com/odisha-news/samaya-sahu-the-young-odia-trailblazer-making-waves-in-us-politics,Samaya Sahu: The Young Odia Trailblazer Making Waves In US Politics | Odisha,"Bhubaneswar: Samaya Sahu, a young Indian-American from Mayurbhanj district, Odisha, is creating a stir in the US political scene. As the youngest lifetime executive committee member of the New ...",[],https://ommcomnews.com/wp-content/uploads/2024/09/Samaya-Sahu.jpg,0.3804,463983808,1,ommcomnews.com,news,Ommcom News,
8320655004,eng,False,2024-09-14,04:20:10,2024-09-14T04:20:10Z,2024-09-14T04:19:55Z,news,0.7686,https://gazette.com/news/wex/north-carolina-sends-out-ballots-two-weeks-late-thanks-to-rfk-jr-lawsuit/article_0b3ba428-13d4-510b-a243-1a8f5324cb45.html,North Carolina sends out ballots two weeks late thanks to RFK Jr. lawsuit,"North Carolina will begin sending out ballots next week after a lawsuit from Robert F. Kennedy Jr. delayed the initial distribution, which would've made the state first in sending out ...","{'uri': ['washington_examiner@gazette.com'], 'name': ['Washington Examiner'], 'type': ['author'], 'isAgency': [False]}",https://bloximages.newyork1.vip.townnews.com/gazette.com/content/tncms/custom/image/3f755dae-418c-11e8-a244-53852639d709.png?crop=235%2C235%2C1%2C0&resize=200%2C200&order=crop%2Cresize,-0.0118,463983610,1,gazette.com,news,Colorado Springs Gazette,eng-9903383
8320650177,eng,False,2024-09-14,04:14:12,2024-09-14T04:14:12Z,2024-09-14T04:12:57Z,news,0.0,https://www.worcesternews.co.uk/news/24583631.award-winning-travel-writer-share-tales-us-trip-worcester/,"Award-winning travel writer to share tales of 4,327-mile journey across USA","Simon Parker will share tales from his 4,327-mile cycling journey across 11 states in the lead-up to the 2024 US Presidential Election.

He embarked on the journey in efforts to understand America and ...",[],https://www.worcesternews.co.uk/resources/images/18304485/,0.1451,463983252,1,worcesternews.co.uk,news,Worcester News,
2024-09-484862140,eng,True,2024-09-14,04:14:02,2024-09-14T04:14:02Z,2024-09-14T03:57:09Z,news,0.0,https://www.tribuneindia.com/news/science-technology/sunita-williams-to-cast-vote-in-us-presidential-elections-from-space/,Sunita Williams to cast vote in US presidential elections from space - The Tribune,"Both astronauts emphasised the significance of fulfilling their civic duty despite being in orbit

Indian-origin astronaut Sunita Williams and her fellow NASA colleague Butch Wilmore, currently stuck ...",[],https://www.tribuneindia.com/sortd-service/imaginary/v22-01/jpg/large/high?url=dGhldHJpYnVuZS1zb3J0ZC1wcm8tcHJvZC1zb3J0ZC9tZWRpYTZlZjg0ZjcwLTcyNGQtMTFlZi1iMGJjLTYzOWMwMWNiNWNkMy5qcGc=,0.2,463983242,1,tribuneindia.com,news,Tribuneindia News Service,
2024-09-484860714,eng,False,2024-09-14,04:10:19,2024-09-14T04:10:19Z,2024-09-14T04:10:09Z,news,0.0,https://inshorts.com/en/news/sunita-williams-to-vote-in-us-elections-from-space-1726285931923,Sunita Williams to vote in US elections from space,"NASA astronauts Sunita Williams and Butch Wilmore, who're stuck in space and will likely remain there until February 2025, said they were looking forward to casting their ballot in the 2024 US ...","{'uri': ['shreyasi_banerjee@inshorts.com'], 'name': ['Shreyasi Banerjee'], 'type': ['author'], 'isAgency': [False]}",https://static.inshorts.com/inshorts/images/v1/variants/jpg/m/2024/09_sep/14_sat/img_1726284389238_316.jpg?,0.098,463983019,1,inshorts.com,news,Inshorts - Stay Informed,
8320643870,eng,True,2024-09-14,04:04:44,2024-09-14T04:04:44Z,2024-09-14T04:04:32Z,news,0.0,https://www.orissapost.com/sunita-williams-to-cast-vote-in-us-presidential-elections-from-space/,Sunita Williams to cast vote in US presidential elections from space - OrissaPOST,"Washington: Indian-origin astronaut Sunita Williams and her fellow NASA colleague Butch Wilmore, currently stuck on the International Space Station (ISS), expressed their anticipation Saturday for ...",[],https://www.orissapost.com/wp-content/uploads/2024/08/Sunita-Williams-NASA.png,0.1137,463982684,1,orissapost.com,news,"Odisha News, Odisha Latest news, Odisha Daily - OrissaPOST",
8320639536,eng,True,2024-09-14,03:57:27,2024-09-14T03:57:27Z,2024-09-14T03:57:06Z,news,0.0,https://dnyuz.com/2024/09/13/bill-maher-is-dumbfounded-by-taylor-swifts-influence-on-male-voters-after-kamala-harris-endorsement/,Bill Maher Is Dumbfounded By Taylor Swift's Influence On Male Voters After Kamala Harris Endorsement,"On Friday's episode of Real Time with Bill Maher, the comedian marveled at Taylor Swift's influence after she previously announced her endorsement of Kamala Harris and drove more than 400,000 ...",[],https://dnyuz.com/wp-content/uploads/2024/09/Bill-Maher-Is-Dumbfounded-By-Taylor-Swifts-Influence-On-Male.jpg,0.1373,463982247,1,dnyuz.com,news,DNyuz,
2024-09-484853091,eng,True,2024-09-14,03:55:26,2024-09-14T03:55:26Z,2024-09-14T03:39:07Z,news,0.0,https://internewscast.com/news/bill-maher-surprised-by-taylor-swifts-impact-on-male-voters-following-kamala-harris-endorsement/,"""Bill Maher Surprised by Taylor Swift's Impact on Male Voters Following Kamala Harris Endorsement"" - Internewscast Journal","Bill Maher might want to pick up a ticket to the Eras Tour on his way to the polls.

On Friday's episode of Real Time with Bill Maher, the comedian marveled at Taylor Swift's influence after she ...",[],https://internewscast.com/wp-content/uploads/2024/01/ic_launcher.png,0.1608,463982126,1,internewscast.com,news,Internewscast Journal,
2024-09-484852934,eng,False,2024-09-14,03:54:54,2024-09-14T03:54:54Z,2024-09-14T03:44:10Z,news,0.7373,https://weeklyvoice.com/sunita-williams-to-cast-vote-in-us-presidential-elections-from-space/,Sunita Williams to cast vote in US presidential elections from space,"Washington, Sep 14 (VOICE) Indian-origin astronaut Sunita Williams and her fellow NASA colleague Butch Wilmore, currently stuck on the International Space Station (ISS), expressed their anticipation ...",[],https://i0.wp.com/weeklyvoice.com/wp-content/uploads/2024/09/202409143222436.png,0.1686,463982094,1,weeklyvoice.com,news,Weekly Voice,zho-1686788
2024-09-484852933,eng,True,2024-09-14,03:54:36,2024-09-14T03:54:36Z,2024-09-14T03:44:16Z,news,0.7373,https://weeklyvoice.com/sunita-williams-to-cast-vote-in-us-presidential-elections-from-space-2/,Sunita Williams to cast vote in US presidential elections from space,"Washington, Sep 14 (VOICE) Indian-origin astronaut Sunita Williams and her fellow NASA colleague Butch Wilmore, currently stuck on the International Space Station (ISS), expressed their anticipation ...",[],https://i0.wp.com/weeklyvoice.com/wp-content/uploads/2024/09/202409143222436-1.png,0.1686,463982076,1,weeklyvoice.com,news,Weekly Voice,
8320637337,eng,True,2024-09-14,03:53:50,2024-09-14T03:53:50Z,2024-09-14T03:53:11Z,news,0.451,https://www.jpost.com/opinion/article-819843,US-Israel relations would improve with a Harris administration,"Richard H. Schwartz believes that US-Israel relations would improve with a Harris administration. Schwartz believes that a Trump administration would increase climate change threats.

The 2024 ...",[],"https://images.jpost.com/image/upload/f_auto,fl_lossy/c_fill,g_faces:center,h_407,w_690/621565",0.2078,463982030,1,jpost.com,news,The Jerusalem Post,
8320634398,eng,True,2024-09-14,03:50:58,2024-09-14T03:50:58Z,2024-09-14T03:50:36Z,news,0.7216,https://www.socialnews.xyz/2024/09/13/sunita-williams-to-cast-vote-in-us-presidential-elections-from-space/,Sunita Williams to cast vote in US presidential elections from space,"Washington, Sep 14 (SocialNews.XYZ) Indian-origin astronaut Sunita Williams and her fellow NASA colleague Butch Wilmore, currently stuck on the International Space Station (ISS), expressed their ...",[],https://i0.wp.com/www.socialnews.xyz/wp-content/uploads/2024/09/14/202409143222436.jpg?fit=8256%2C5504&quality=80&zoom=1&ssl=1?v=1726285816,0.1137,463981858,1,socialnews.xyz,news,Social News XYZ,
2024-09-484851388,eng,False,2024-09-14,03:50:22,2024-09-14T03:50:22Z,2024-09-14T03:50:09Z,news,0.451,https://m.jpost.com/opinion/article-819843,US-Israel relations would improve with a Harris administration,"Richard H. Schwartz believes that US-Israel relations would improve with a Harris administration. Schwartz believes that a Trump administration would increase climate change threats.

The 2024 ...",[],"https://images.jpost.com/image/upload/q_auto/f_auto,fl_lossy/c_fill,g_faces:center,h_407,w_690/621565",0.2863,463981822,1,m.jpost.com,news,The Jerusalem Post | JPost.com,eng-9896080
8320623674,eng,False,2024-09-14,03:33:48,2024-09-14T03:33:48Z,2024-09-14T03:33:23Z,news,0.5098,https://deadline.com/2024/09/bill-maher-dumbfounded-taylor-swift-influence-male-voters-kamala-harris-endorsement-1236087850/,Bill Maher Is Dumbfounded By Taylor Swift's Influence On Male Voters After Kamala Harris Endorsement,"On Friday's episode of Real Time with Bill Maher, the comedian marveled at Taylor Swift's influence after she previously announced her endorsement of Kamala Harris and drove more than 400,000 ...","{'uri': ['glenn_garner@deadline.com'], 'name': ['Glenn Garner'], 'type': ['author'], 'isAgency': [False]}",https://deadline.com/wp-content/uploads/2024/09/Real-Time-Bill-Maher-Taylor-Swift-Kamala-Harris-Endorsement.jpg?w=1024,0.1373,463980828,1,deadline.com,news,Deadline,eng-9898353
8320620520,eng,False,2024-09-14,03:28:57,2024-09-14T03:28:57Z,2024-09-14T03:28:12Z,news,0.7647,https://conservativeangle.com/north-carolina-sends-out-ballots-two-weeks-late-thanks-to-rfk-jr-lawsuit/,North Carolina sends out ballots two weeks late thanks to RFK Jr. lawsuit - Conservative Angle,"North Carolina will begin sending out ballots next week after a lawsuit from Robert F. Kennedy Jr. delayed the initial distribution, which would've made the state first in sending out ...",[],,-0.0118,463980537,1,conservativeangle.com,news,Brigitte Gabriel,eng-9903383
8320615299,eng,False,2024-09-14,03:20:18,2024-09-14T03:20:18Z,2024-09-14T03:20:02Z,news,0.8353,https://www.onlanka.com/news/imf-to-resume-sri-lanka-program-discussions-following-presidential-election.html,IMF to resume Sri Lanka program discussions following Presidential Election - Sri Lanka,"At a recent IMF press briefing, Julie Kozack, Director of the Communications Department, provided updates on Sri Lanka's economic situation, ongoing reforms, and the upcoming presidential ...",[],https://www.onlanka.com/wp-content/uploads/2024/09/julie-kozack.jpg,0.2392,463980018,1,onlanka.com,news,ONLANKA News :. Latest Sri Lanka Breaking News Updates | Lanka News,eng-9901180
8320610954,eng,False,2024-09-14,03:13:23,2024-09-14T03:13:23Z,2024-09-14T03:13:09Z,news,0.8627,https://www.ntd.com/tiktok-faces-crucial-court-hearing-that-could-decide-fate-in-us_1016901.html,TikTok Faces Crucial Court Hearing That Could Decide Fate in US,WASHINGTON -- TikTok and parent company ByteDance face a key court hearing on Monday in a legal battle seeking to block a law that could ban the app used by 170 million Americans as soon as Jan. ...,[],https://i.ntd.com/assets/uploads/2024/09/id1016902-2024-09-13T191051Z_7_LYNXMPEK8C0BU_RTROPTP_4_USA-TIKTOK.jpg,-0.1373,463979603,1,ntd.com,news,NTD,eng-9899553
8320609103,eng,True,2024-09-14,03:11:07,2024-09-14T03:11:07Z,2024-09-14T03:10:39Z,news,0.0,https://gazette.com/news/wex/watch-live-trump-holds-rally-in-las-vegas/article_06bae617-51cd-5b87-95ef-a53538c737b5.html,WATCH LIVE: Trump holds rally in Las Vegas,"Former President Donald Trump will speak around 10 p.m. at a rally in Las Vegas.

CLICK HERE TO READ MORE FROM THE WASHINGTON EXAMINER

Nevada is a critical battleground state in the 2024 presidential ...","{'uri': ['washington_examiner@gazette.com'], 'name': ['Washington Examiner'], 'type': ['author'], 'isAgency': [False]}",https://bloximages.newyork1.vip.townnews.com/gazette.com/content/tncms/custom/image/3f755dae-418c-11e8-a244-53852639d709.png?crop=235%2C235%2C1%2C0&resize=200%2C200&order=crop%2Cresize,-0.2235,463979467,1,gazette.com,news,Colorado Springs Gazette,
8320601962,eng,False,2024-09-14,02:58:57,2024-09-14T02:58:57Z,2024-09-14T02:58:44Z,news,0.7098,https://www.washingtonexaminer.com/news/campaigns/presidential/3154527/north-carolina-sends-out-ballots-two-weeks-late-rfk-lawsuit/,North Carolina sends out ballots two weeks late thanks to RFK Jr. lawsuit - Washington Examiner,"Kennedy won his lawsuit against the state, resulting in them taking his name off the ballot as he had requested. Kennedy did so in order to prevent taking votes away from the candidate he endorsed, ...","{'uri': ['ross_o_keefe@washingtonexaminer.com'], 'name': [""Ross O'Keefe""], 'type': ['author'], 'isAgency': [False]}",https://www.washingtonexaminer.com/wp-content/uploads/2024/08/RFK-Trump-rally-scaled.webp,0.0588,463978737,1,washingtonexaminer.com,news,Washington Examiner,eng-9903383
8320599492,eng,False,2024-09-14,02:54:15,2024-09-14T02:54:15Z,2024-09-14T02:53:48Z,news,0.7647,https://www.ndtv.com/world-news/sunita-williams-butch-willmore-on-2024-us-presidential-elections-boeing-starliner-international-space-station-6561682,"Sunita Williams To Vote In US Election From Space: ""It Is Pretty Cool""","Sunita Williams and Butch Wilmore are scheduled to return in February with Elon Musk's SpaceX.

Indian-origin astronaut Sunita Williams, who is stuck on the International Space Station (ISS), today ...","{'uri': ['pushkar_tiwari@ndtv.com'], 'name': ['Pushkar Tiwari'], 'type': ['author'], 'isAgency': [False]}",https://c.ndtvimg.com/2024-09/6fcavja8_sunita-williams-butch-wilmore_625x300_14_September_24.jpeg?ver-20240615.100,0.1451,463978455,1,ndtv.com,news,NDTV,zho-1686788
8320596058,eng,False,2024-09-14,02:48:44,2024-09-14T02:48:44Z,2024-09-14T02:47:29Z,news,0.0,https://s24526.pcdn.co/news/1667053/cant-happy-for-wilkes-students-getting-to-see-hear-vp-harris,"Cant happy for Wilkes students getting to see, hear VP Harris","WILKES-BARRE -- Wilkes University president Dr. Greg Cant on Friday said the 2024 presidential election has special meaning for him and wife, Angela -- it's the first U.S. election that they will vote ...","{'uri': ['william_o_boyle@s24526.pcdn.co'], 'name': [""William O'Boyle""], 'type': ['author'], 'isAgency': [False]}",https://s24526.pcdn.co/wp-content/uploads/2024/09/130909729_web1_greg.cant.jpg.optimal.jpg,0.3725,463978124,1,s24526.pcdn.co,news,Times Leader,
8320589577,eng,False,2024-09-14,02:35:44,2024-09-14T02:35:44Z,2024-09-14T02:34:06Z,news,0.0,https://pakobserver.net/pak-us-ties-and-global-security/,Pak-US ties and global security - Pakistan Observer,"PAKISTAN and the United States have shared a relationship that, while not without its complexities, has consistently demonstrated resilience, adaptability, and mutual benefit. This partnership, forged ...",[],https://pakobserver.net/wp-content/uploads/2024/03/abdullah.webp,0.2941,463977344,1,pakobserver.net,news,Pakistan Observer,
8320586690,eng,False,2024-09-14,02:30:25,2024-09-14T02:30:25Z,2024-09-14T02:30:09Z,news,0.0,https://ceylontoday.lk/2024/09/14/nation-braces-for-possible-tensions/,Nation Braces for Possible Tensions - Ceylon Today,"Various political parties have expressed concerns that after 18 September, there may be heightened tensions regarding the elections, even though no widespread violence was reported so far during the ...","{'uri': ['mithun_jayawardena@ceylontoday.lk'], 'name': ['Mithun Jayawardena'], 'type': ['author'], 'isAgency': [False]}",https://ceylontoday.lk/wp-content/uploads/2022/04/Police-urge.jpg,-0.098,463977025,1,ceylontoday.lk,news,CeylonToday,
2024-09-484791635,eng,False,2024-09-14,01:21:24,2024-09-14T01:21:24Z,2024-09-14T00:01:00Z,news,0.5255,https://www.yourerie.com/pennsylvania-politics/your-local-election-hq/watch-vice-president-kamala-harris-speaks-at-rally-in-wilkes-barre/,WATCH: Vice President Kamala Harris speaks at rally in Wilkes-Barre,"WILKES-BARRE, LUZERNE COUNTY (WBRE/WYOU) -- Vice President Kamala Harris made a campaign stop in Wilkes-Barre Friday ahead of the 2024 Presidential Election.

The race for the White House ran through ...",[],https://www.yourerie.com/wp-content/uploads/sites/27/2024/09/KAMALA-HARRIS-WILKES-BARRE-PA.jpg?strip=1&w=640,-0.0902,463972884,1,yourerie.com,news,WJET-TV,eng-9903292
8320550630,eng,False,2024-09-14,01:20:36,2024-09-14T01:20:36Z,2024-09-14T01:20:26Z,news,0.0,https://www.washingtonexaminer.com/news/campaigns/presidential/3154496/watch-live-trump-rally-las-vegas-nevada/,WATCH LIVE: Trump holds rally in Las Vegas - Washington Examiner,"Former President Donald Trump will speak around 10 p.m. at a rally in Las Vegas.

CLICK HERE TO READ MORE FROM THE WASHINGTON EXAMINER

Nevada is a critical battleground state in the 2024 presidential ...","{'uri': ['ross_o_keefe@washingtonexaminer.com'], 'name': [""Ross O'Keefe""], 'type': ['author'], 'isAgency': [False]}",https://www.washingtonexaminer.com/wp-content/uploads/2024/09/trump-press-conference-los-angeles.webp,-0.2941,463972836,1,washingtonexaminer.com,news,Washington Examiner,
8320544387,eng,True,2024-09-14,01:08:37,2024-09-14T01:08:37Z,2024-09-14T01:08:18Z,news,0.0,https://www.courant.com/2024/09/13/whoopi-goldberg-apologizes-jd-vance-taylor-swift/,Whoopi Goldberg apologizes for telling JD Vance to 'shut up' about Taylor Swift,"Whoopi Goldberg is owning up to making a misstep while lambasting JD Vance for his recent comments regarding Taylor Swift.

""The View"" co-host immediately corrected herself on Thursday's episode after ...",[],https://www.courant.com/wp-content/uploads/2024/09/trio.jpg?w=640,0.1137,463972117,1,courant.com,news,Hartfort Courant,
8320524249,eng,False,2024-09-14,00:28:28,2024-09-14T00:28:28Z,2024-09-14T00:28:09Z,news,0.6353,https://www.whiskeyriff.com/2024/09/13/so-where-the-fk-are-we-right-now-soldiers-deployed-overseas-hilariously-react-to-kamala-harris-claiming-we-have-no-active-duty-military-in-war-zones/,"""So Where The F**k Are We Right Now?"" - Soldiers Deployed Overseas Hilariously React To Kamala Harris Claiming We Have No Active Duty Military In War Zones","Of course the withdrawal of US troops from Afghanistan in 2021 has become a major issue in the 2024 presidential election, after 13 troops were killed in a suicide bombing (and it doesn't seem like ...",[],https://www.whiskeyriff.com/wp-content/uploads/military-kamala.jpg,-0.2314,463969708,1,whiskeyriff.com,news,Whiskey Riff,eng-9903308
2024-09-484765322,eng,False,2024-09-14,00:07:54,2024-09-14T00:07:54Z,2024-09-13T22:30:00Z,news,0.7608,https://www.newdelhitimes.com/senegals-president-dissolves-parliament-to-call-a-snap-legislative-election/,Senegal's president dissolves parliament to call a snap legislative election,"Senegal's President Bassirou Diomaye Faye dissolved the opposition-led parliament on Thursday, paving the way for a snap legislative election six months after he was voted in on an anti-establishment ...",[],https://jetpack.com/redirect/?source=sigenerate&query=t%3DeyJpbWciOiJodHRwczpcL1wvaTAud3AuY29tXC93d3cubmV3ZGVsaGl0aW1lcy5jb21cL3dwLWNvbnRlbnRcL3VwbG9hZHNcLzIwMjRcLzA5XC9TY3JlZW5zaG90LTIwMjQtMDktMTMtMTMxNTA2LnBuZz9maXQ9NzA3JTJDNTAxJnF1YWxpdHk9ODAmc3NsPTEiLCJ0eHQiOiJTZW5lZ2FsXHUyMDE5cyBwcmVzaWRlbnQgZGlzc29sdmVzIHBhcmxpYW1lbnQgdG8gY2FsbCBhIHNuYXAgbGVnaXNsYXRpdmUgZWxlY3Rpb24iLCJ0ZW1wbGF0ZSI6ImZ1bGxzY3JlZW4iLCJibG9nX2lkIjozNzU2MDYzM30.goTvLQMzIUiVTA8XrmIjA1-simQVer4MG-OA_S9S6MAMQ,0.0745,463968474,1,newdelhitimes.com,news,New Delhi Times,fra-1106045
2024-09-484764803,eng,False,2024-09-14,00:05:39,2024-09-14T00:05:39Z,2024-09-13T23:36:14Z,news,0.8235,https://internewscast.com/news/us/angry-mother-decides-to-sell-taylor-swift-concert-tickets-after-singer-endorses-kamala-harris/,Angry Mother Decides to Sell Taylor Swift Concert Tickets After Singer Endorses Kamala Harris - Internewscast Journal,A mom has revealed that she is shaking off Taylor Swift by selling three concert tickets following her endorsement of democratic nominee Kamala Harris - claiming she doesn't want her daughter ...,[],https://internewscast.com/wp-content/uploads/2024/09/rewrite-this-title-Furious-mom-reveals-she-is-SELLING-her.jpg,0.098,463968339,1,internewscast.com,news,Internewscast Journal,eng-9903415
8320510566,eng,True,2024-09-14,00:03:42,2024-09-14T00:03:42Z,2024-09-14T00:03:10Z,news,0.0,https://www.fox4news.com/news/whos-winning-race-president-latest-polls-show-debates-impact,Who's winning the race for president? Latest polls show debate's impact,"New polling data shows Vice President Kamala Harris has slightly increased her lead over former President Donald Trump following Tuesday night's debate.

The latest Reuters/Ipsos poll, which closed ...",[],https://images.foxtv.com/static.livenowfox.com/www.livenowfox.com/content/uploads/2024/09/1280/720/GettyImages-2170583836-scaled.jpg?ve=1&tl=1,0.2549,463968222,100,fox4news.com,news,FOX 4 News Dallas-Fort Worth,
8320510366,eng,False,2024-09-14,00:03:12,2024-09-14T00:03:12Z,2024-09-14T00:02:49Z,news,0.0,https://angrybearblog.com/2024/09/some-and-not-many-pundits-are-optimistic-trump-will-win-i-am-not,"Some and not many Pundits are Optimistic Trump Will Win, I am Not. - Angry Bear","This is not 2016 and Trump got one hell of a shellacking from Harris.

This forecast by Nate Silver seems to me to be a bit optimistic. about Trump in the lead with 60-something percent. After Trump's ...","{'uri': ['bill_haskell@angrybearblog.com'], 'name': ['Bill Haskell'], 'type': ['author'], 'isAgency': [False]}",https://angrybearblog.com/wp-content/uploads/2024/09/Three-States-Elected-Trump.jpg,0.0039,463968192,1,angrybearblog.com,news,AngryBear Econ,
8320497414,eng,False,2024-09-13,23:40:21,2024-09-13T23:40:21Z,2024-09-13T23:37:46Z,news,0.6314,https://ca.news.yahoo.com/fact-check-yes-kamala-harris-232900571.html,"Fact Check: Yes, Kamala Harris, Who Advocates Stricter Gun Laws, Is a Gun Owner","Democratic presidential candidate Kamala Harris is a gun owner.

Rating:

As the 2024 presidential election nears, Democratic pick Kamala Harris faces the challenging task of appealing to a wide ...",[],https://media.zenfs.com/en/snopes_632/4eafc9e4be5b25045618e5d2f660a9a6,-0.3255,463966821,1,ca.news.yahoo.com,news,Yahoo,eng-9899564
8320497186,eng,False,2024-09-13,23:37:45,2024-09-13T23:37:45Z,2024-09-13T23:37:27Z,news,0.7608,https://nybreaking.com/furious-mom-reveals-she-is-selling-her-taylor-swift-concert-tickets-following-the-singers-endorsement-of-kamala-harris/,Furious Mom Reveals She Is SELLING Her Taylor Swift Concert Tickets Following The Singer's Endorsement Of Kamala Harris - Ny Breaking News,"A mother has revealed she is shaking down Taylor Swift by selling three concert tickets after she endorsed Democratic presidential candidate Kamala Harris, claiming she doesn't want her daughter to ...",[],https://nybreaking.com/wp-content/uploads/2024/09/Furious-mom-reveals-she-is-SELLING-her-Taylor-Swift-concert.jpeg,0.2627,463966665,1,nybreaking.com,news,NY Breaking News,eng-9903415
2024-09-484755112,eng,True,2024-09-13,23:36:06,2024-09-13T23:36:06Z,2024-09-13T22:09:00Z,news,0.0,https://www.ccenterdispatch.com/news/national/article_e9231f0e-d27d-52b4-b94d-6fc74b86409b.html,North Carolina election board faces 7th lawsuit in 52 days,"(The Center Square) - North Carolina's State Board of Elections says a mobile phone identification is acceptable for the state's voter ID law.

The state and national Republican organizations on ...","{'uri': ['center_square@ccenterdispatch.com'], 'name': ['Center Square'], 'type': ['author'], 'isAgency': [False]}",https://bloximages.newyork1.vip.townnews.com/ccenterdispatch.com/content/tncms/assets/v3/editorial/4/56/4563b1e5-bc1e-5225-b52a-98a04fab01a0/66e4c463ab87f.preview.jpg?crop=1265%2C664%2C0%2C486&resize=1200%2C630&order=crop%2Cresize,0.1373,463966566,1,ccenterdispatch.com,news,Clay Center Dispatch On-Line,
2024-09-484753425,eng,False,2024-09-13,23:32:11,2024-09-13T23:32:11Z,2024-09-13T23:29:06Z,news,0.7804,https://www.snopes.com//fact-check/kamala-harris-who-advocates-stricter-gun-laws-is-a-gun-owner/,"Kamala Harris, Who Advocates Stricter Gun Laws, Is a Gun Owner?","Democratic presidential candidate Kamala Harris is a gun owner.

As the 2024 presidential election nears, Democratic pick Kamala Harris faces the challenging task of appealing to a wide spectrum of ...","{'uri': ['taija_perrycook@snopes.com'], 'name': ['Taija PerryCook'], 'type': ['author'], 'isAgency': [False]}",https://mediaproxy.snopes.com/width/1200/https://media.snopes.com/2024/09/harris_gun_ownership.jpg,-0.3412,463966331,1,snopes.com,news,Snopes,eng-9899564
8320488566,eng,False,2024-09-13,23:23:27,2024-09-13T23:23:27Z,2024-09-13T23:21:09Z,news,0.0,https://foreignaffairs.co.nz/2024/09/14/mil-osi-usa-durbin-peters-klobuchar-murray-and-warner-call-on-agencies-to-prioritize-election-security-in-advance-of-the-2024-presidential-election/,"MIL-OSI USA: Durbin, Peters, Klobuchar, Murray, And Warner Call On Agencies To Prioritize Election...","Source: United States Senator for Illinois Dick Durbin

09.13.24

WASHINGTON - U.S. Senate Majority Whip Dick Durbin (D-IL), Chair of the Senate Judiciary Committee, joined U.S. Senators Gary Peters ...","{'uri': ['mil_osi_publisher@foreignaffairs.co.nz'], 'name': ['Mil-Osi Publisher'], 'type': ['author'], 'isAgency': [False]}",,0.2471,463965807,15,foreignaffairs.co.nz,news,foreignaffairs.co.nz,
8320488883,eng,False,2024-09-13,23:21:57,2024-09-13T23:21:57Z,2024-09-13T23:21:40Z,news,0.6118,https://www.eurasiareview.com/14092024-us-china-ai-competition-at-the-crossroads-between-dialogue-and-decoupling-analysis/,US-China AI Competition At The Crossroads Between Dialogue And Decoupling - Analysis,"The United States and China are competing fiercely in the race to develop artificial intelligence (AI). While Beijing is working to lead the world by 2030, Washington's approach and US-China ...","{'uri': ['east_asia_forum@eurasiareview.com'], 'name': ['East Asia Forum'], 'type': ['author'], 'isAgency': [False]}",https://www.eurasiareview.com/wp-content/uploads/2020/11/c-2.jpg,0.3176,463965717,1,eurasiareview.com,news,Eurasia Review,eng-9900964
8320488041,eng,True,2024-09-13,23:20:33,2024-09-13T23:20:33Z,2024-09-13T23:20:16Z,news,0.0,https://www.fox35orlando.com/news/whos-winning-race-president-latest-polls-show-debates-impact,Who's winning the race for president? Latest polls show debate's impact,"New polling data shows Vice President Kamala Harris has slightly increased her lead over former President Donald Trump following Tuesday night's debate.

The latest Reuters/Ipsos poll, which closed ...",[],https://images.foxtv.com/static.livenowfox.com/www.livenowfox.com/content/uploads/2024/09/1280/720/GettyImages-2170583836-scaled.jpg?ve=1&tl=1,0.2549,463965633,100,fox35orlando.com,news,FOX 35 Orlando,
8320487636,eng,False,2024-09-13,23:20:06,2024-09-13T23:20:06Z,2024-09-13T23:19:20Z,news,0.0,https://www.bangkokpost.com/opinion/opinion/2865303/countries-that-are-in-step-must-trade-together,Countries that are in step must trade together,"Donald Trump and Kamala Harris agree on little except a disdain for free trade. Ahead of the 2024 US presidential election, Mr Trump has threatened a 10% across-the-board tariff on imports, while Ms ...",[],https://www.bangkokpost.com/v3/assets/images/img-default.jpg,0.0118,463965606,1,bangkokpost.com,news,Bangkok Post,
8320482088,eng,False,2024-09-13,23:10:37,2024-09-13T23:10:37Z,2024-09-13T23:10:24Z,news,0.6392,https://www.reformer.com/news/national/north-carolina-election-board-faces-7th-lawsuit-in-52-days/article_520a91f5-be83-5015-a61e-eb363026b341.html,North Carolina election board faces 7th lawsuit in 52 days,"(The Center Square) - North Carolina's State Board of Elections says a mobile phone identification is acceptable for the state's voter ID law.

The state and national Republican organizations on ...","{'uri': ['center_square@reformer.com'], 'name': ['Center Square'], 'type': ['author'], 'isAgency': [False]}",https://bloximages.newyork1.vip.townnews.com/reformer.com/content/tncms/assets/v3/editorial/b/5f/b5fa8247-8deb-590f-b03a-84ce249bdec2/66e4c4567cfa6.preview.jpg?crop=1265%2C664%2C0%2C486&resize=438%2C230&order=crop%2Cresize,0.1608,463965037,1,reformer.com,news,Brattleboro Reformer,eng-9900248
8320481320,eng,True,2024-09-13,23:09:31,2024-09-13T23:09:31Z,2024-09-13T23:08:57Z,news,0.6314,https://www.ktbs.com/news/national/north-carolina-election-board-faces-7th-lawsuit-in-52-days/article_d4ce82c3-0ea2-5567-8168-419afde008d4.html,North Carolina election board faces 7th lawsuit in 52 days,"(The Center Square) - North Carolina's State Board of Elections says a mobile phone identification is acceptable for the state's voter ID law.

The state and national Republican organizations on ...","{'uri': ['center_square@ktbs.com'], 'name': ['Center Square'], 'type': ['author'], 'isAgency': [False]}",https://bloximages.newyork1.vip.townnews.com/ktbs.com/content/tncms/assets/v3/editorial/4/99/4995979e-3e29-5b61-87b7-54419727a4ca/66e4c3f3f01c0.preview.jpg?crop=1265%2C664%2C0%2C486&resize=438%2C230&order=crop%2Cresize,0.1843,463964971,1,ktbs.com,news,KTBS,
8320480699,eng,True,2024-09-13,23:08:05,2024-09-13T23:08:05Z,2024-09-13T23:07:53Z,news,0.0,https://www.eurasiareview.com/14092024-russias-rt-network-working-directly-with-kremlin-to-spread-disinformation-us-says/,"Russia's RT Network Working Directly With Kremlin To Spread Disinformation, US Says",(RFE/RL) -- The United States on September 13 said the Russian news outlet RT is taking orders directly from the Kremlin and working with Russian military intelligence to spread disinformation around ...,"{'uri': ['rfe_rl@eurasiareview.com'], 'name': ['Rfe Rl'], 'type': ['author'], 'isAgency': [False]}",https://www.eurasiareview.com/wp-content/uploads/2024/09/b-10.jpg,-0.0667,463964885,1,eurasiareview.com,news,Eurasia Review,
8320478011,eng,False,2024-09-13,23:03:46,2024-09-13T23:03:46Z,2024-09-13T23:03:25Z,news,0.7725,https://www.thewrap.com/seth-meyers-harris-trump-debate-closer-look-ratings/,Seth Meyers' Harris-Trump Debate Special 'A Closer Look' Scores 73% Bigger Audience Than in 2020 | Exclusive,"""Late Night With Seth Meyers"" moved into Wednesday's primetime to dig into the 2024 presidential election

Seth Meyers' post-debate ""A Closer Look"" primetime special drew in a 73% bigger audience than ...","{'uri': ['loree_seitz@thewrap.com'], 'name': ['Loree Seitz'], 'type': ['author'], 'isAgency': [False]}",https://i0.wp.com/www.thewrap.com/wp-content/uploads/2024/09/Seth-Meyers-e1726265626804.jpg?fit=1200%2C676&ssl=1,0.2784,463964626,1,thewrap.com,news,TheWrap,eng-9899781
2024-09-484742984,eng,False,2024-09-13,23:03:24,2024-09-13T23:03:24Z,2024-09-13T22:09:00Z,news,0.6667,https://www.wfxg.com/news/north-carolina-election-board-faces-7th-lawsuit-in-52-days/article_b17a3aa9-e681-51d9-a304-2481e9e01dab.html,North Carolina election board faces 7th lawsuit in 52 days,"(The Center Square) - North Carolina's State Board of Elections says a mobile phone identification is acceptable for the state's voter ID law.

The state and national Republican organizations on ...","{'uri': ['center_square@wfxg.com'], 'name': ['Center Square'], 'type': ['author'], 'isAgency': [False]}",https://bloximages.chicago2.vip.townnews.com/wfxg.com/content/tncms/assets/v3/editorial/1/a8/1a8a5bf0-35e5-50a4-a045-32fcdf9753c6/66e4c1306026e.preview.jpg?crop=1265%2C664%2C0%2C486&resize=1200%2C630&order=crop%2Cresize,0.1373,463964604,1,wfxg.com,news,WFXG FOX54,eng-9900248
8320469775,eng,False,2024-09-13,22:51:46,2024-09-13T22:51:46Z,2024-09-13T22:51:18Z,news,0.5922,https://theblast.com/627361/taylor-swift-sue-elon-musk-comment/,Taylor Swift Urged To Sue Elon Musk Over 'Sexual Harassment' Comment,"Banks criticized Musk's tweet as sexist and encouraged Swift to take legal action and take his ""f-cking money.""

Meanwhile, Elon Musk's transgender daughter, Vivian Jenna Wilson, condemned his comment ...","{'uri': ['favour_adegoke@theblast.com'], 'name': ['Favour Adegoke'], 'type': ['author'], 'isAgency': [False]}",https://theblast.prod.media.wordpress.mattersmedia.io/brand-img/123/1300x600/2024/09/13182718/Taylor-Swift-Elon-Musk.png?,0.1373,463963906,15,theblast.com,news,The Blast,eng-9895214
8320469064,eng,False,2024-09-13,22:50:30,2024-09-13T22:50:30Z,2024-09-13T22:50:03Z,news,0.0,https://finance.yahoo.com/video/lower-higher-income-americans-plans-222229774.html,Lower and higher income Americans' plans for grocery spending,"Americans' grocery bills have become a hot-button issue in the 2024 presidential election. How are lower-income and higher-income consumers expecting to spend on food over the next year?

Yahoo ...",[],https://s.yimg.com/ny/api/res/1.2/xSbSPERgSBBBSnl_GNOCVw--/YXBwaWQ9aGlnaGxhbmRlcjt3PTEyMDA7aD02NzY7Y2Y9d2VicA--/https://s.yimg.com/os/creatr-uploaded-images/2024-09/f48268e0-721d-11ef-bc27-e4098bf57702,-0.0745,463963830,1,finance.yahoo.com,news,Yahoo! Finance,
8320466921,eng,False,2024-09-13,22:46:41,2024-09-13T22:46:41Z,2024-09-13T22:46:15Z,news,0.0,https://celebrity.nine.com.au/latest/taylor-swift-politics-why-she-was-publicly-apolitical-everything-to-know-explainer/00009449-b356-43b3-bf22-e4ff2f64c248,"'Dad, I need you to forgive me': Moment Taylor knew she couldn't stay silent",So there's no question about the fact Taylor Swift's long-awaited endorsement of Kamala Harris this week would have been very much welcomed by the United States Vice President's team - and dreaded by ...,[],https://imageresizer.static9.net.au/idT09q2I00qYY323qNf7Twj33Gs=/0x0:1024x576/1200x628/smart/https%3A%2F%2Fprod.static9.net.au%2Ffs%2F799357ec-5a77-438e-9734-d675eb82ab7b,-0.0431,463963601,1,celebrity.nine.com.au,news,celebrity.nine.com.au,
2024-09-484732337,eng,False,2024-09-13,22:35:26,2024-09-13T22:35:26Z,2024-09-13T22:22:29Z,news,0.0,https://ca.finance.yahoo.com/video/lower-higher-income-americans-plans-222229774.html,Lower and higher income Americans' plans for grocery spending,"Americans' grocery bills have become a hot-button issue in the 2024 presidential election. How are lower-income and higher-income consumers expecting to spend on food over the next year?

Yahoo ...","{'uri': ['julie_hyman@ca.finance.yahoo.com'], 'name': ['Julie Hyman'], 'type': ['author'], 'isAgency': [False]}",https://s.yimg.com/ny/api/res/1.2/xSbSPERgSBBBSnl_GNOCVw--/YXBwaWQ9aGlnaGxhbmRlcjt3PTEyMDA7aD02NzY7Y2Y9d2VicA--/https://s.yimg.com/os/creatr-uploaded-images/2024-09/f48268e0-721d-11ef-bc27-e4098bf57702,-0.0196,463962926,1,ca.finance.yahoo.com,news,Yahoo! Finance,
8320451733,eng,False,2024-09-13,22:21:08,2024-09-13T22:21:08Z,2024-09-13T22:20:52Z,news,0.6235,https://pagesix.com/2024/09/13/celebrity-news/donald-trump-releases-knock-off-eras-tour-shirts-as-campaign-merch-after-taylor-swift-endorses-kamala-harris/,Donald Trump releases knock-off Eras Tour shirts as campaign merch...,"Donald Trump used the design of Taylor Swift's Eras Tour T-shirts as inspiration for his campaign merch after she endorsed Kamala Harris.

Trump seemingly retaliated to Swift's endorsement by dropping ...",[],https://pagesix.com/wp-content/uploads/sites/3/2024/09/89612512.jpg?quality=75&strip=all&w=1024,0.349,463962068,1,pagesix.com,news,Page Six,eng-9895134
2024-09-484725935,eng,False,2024-09-13,22:20:44,2024-09-13T22:20:44Z,2024-09-13T22:07:47Z,news,0.0,https://eu.rgj.com/story/news/politics/elections/2024/09/13/trump-holds-post-debate-rally-in-las-vegas-as-part-of-quick-trip-west/75198942007/,Trump holds post-debate rally in Las Vegas as part of Western campaign swing,"Former President Donald Trump returned to Nevada on Friday for his first rally since an attempt on his life, President Joe Biden dropped out of the race and the debate with Vice President Kamala ...",[],"https://www.gannett-cdn.com/authoring/authoring-images/2024/09/13/PREN/75212418007-trump-line.jpg?auto=webp&crop=4031,2268,x0,y604&format=pjpg&width=1200",-0.1216,463962044,1,rgj.com,news,Reno Gazette Journal,
8320447516,eng,False,2024-09-13,22:14:56,2024-09-13T22:14:56Z,2024-09-13T22:14:31Z,news,0.7961,https://100percentfedup.com/why-is-joe-biden-stillrrying-around-red/,Why Is Joe Biden Still Carrying Around The Red Trump24 Hat? * 100PercentFedUp.com * by Noah,"Yesterday, we brought you the crazy (but true!) story of Joe Biden donning a red Trump2024 hat.

Absolutely incredible.

I'll repost it down below too, but it looked like this:

CRAZY: Why Is Joe ...",[],https://100percentfedup.com/wp-content/uploads/2024/09/joe-biden-maga-hat-1200x630.png,-0.0196,463961696,1,100percentfedup.com,news,100 Percent Fed Up,eng-9896172
8320445837,eng,True,2024-09-13,22:12:36,2024-09-13T22:12:36Z,2024-09-13T22:12:08Z,news,0.0,https://ktul.com/news/entertainment/taylor-swift-inspired-billboards-for-kamala-harris-pop-up-in-nyc-las-vegas-times-square-campaign-advertisements-era-ready-for-it-red-2024-presidential-election-politics-joe-biden-donald-trump-tim-walz-jd-vance-democrats-republicans-childless-cat-ladies,"Taylor Swift-inspired billboards for Kamala Harris pop up in NYC, Las Vegas","NEW YORK (TND) -- Kamala Harris' campaign appears to be making the most of Taylor Swift's endorsement, as the the Democratic National Committee unveiled new Swift-inspired billboards in two U.S. ...","{'uri': ['jessica_a_botelho@ktul.com'], 'name': ['Jessica A. Botelho'], 'type': ['author'], 'isAgency': [False]}",https://ktul.com/resources/media2/16x9/640/986/center/90/88927901-bc3e-4aa0-8873-270a734c8594-thumb_6635.png,0.2471,463961556,15,ktul.com,news,KTUL,
2024-09-484716753,eng,True,2024-09-13,22:05:24,2024-09-13T22:05:24Z,2024-09-13T21:54:05Z,news,0.0,https://za.investing.com/news/company-news/repay-holdings-evp-jacob-hamilton-sells-shares-worth-over-413k-93CH-3330805,Repay Holdings EVP Jacob Hamilton sells shares worth over $413k By Investing.com,"Repay Holdings Corp (NASDAQ:RPAY) Executive Vice President Jacob Hamilton executed a sale of company stock valued at over $413,000, according to a recent SEC filing. The transactions, which took place ...",[],https://i-invdn-com.investing.com/redesign/images/seo/investing_300X300.png,0.3804,463961124,1,za.investing.com,news,Investing.com South Africa,
8320439957,eng,True,2024-09-13,22:05:13,2024-09-13T22:05:13Z,2024-09-13T22:04:00Z,news,0.0,https://uk.investing.com/news/company-news/repay-holdings-evp-jacob-hamilton-sells-shares-worth-over-413k-93CH-3692718,Repay Holdings EVP Jacob Hamilton sells shares worth over $413k By Investing.com,"Repay Holdings Corp (NASDAQ:RPAY) Executive Vice President Jacob Hamilton executed a sale of company stock valued at over $413,000, according to a recent SEC filing. The transactions, which took place ...",[],https://i-invdn-com.investing.com/redesign/images/seo/investing_300X300.png,0.3569,463961113,1,uk.investing.com,news,Investing.com UK,
8320438440,eng,True,2024-09-13,22:03:07,2024-09-13T22:03:07Z,2024-09-13T22:02:03Z,news,0.4314,https://www.investing.com/news/company-news/repay-holdings-evp-jacob-hamilton-sells-shares-worth-over-413k-93CH-3616332,Repay Holdings EVP Jacob Hamilton sells shares worth over $413k By Investing.com,"Repay Holdings Corp (NASDAQ:RPAY) Executive Vice President Jacob Hamilton executed a sale of company stock valued at over $413,000, according to a recent SEC filing. The transactions, which took place ...",[],https://i-invdn-com.investing.com/redesign/images/seo/investing_300X300.png,0.3569,463960987,1,investing.com,news,Investing.com,
2024-09-484715865,eng,False,2024-09-13,22:02:09,2024-09-13T22:02:09Z,2024-09-13T21:54:04Z,news,0.4471,https://in.investing.com/news/company-news/repay-holdings-evp-jacob-hamilton-sells-shares-worth-over-413k-93CH-4428253,Repay Holdings EVP Jacob Hamilton sells shares worth over $413k By Investing.com,"Repay Holdings Corp (NASDAQ:RPAY) Executive Vice President Jacob Hamilton executed a sale of company stock valued at over $413,000, according to a recent SEC filing. The transactions, which took place ...",[],https://i-invdn-com.investing.com/redesign/images/seo/investing_300X300.png,0.3804,463960929,1,in.investing.com,news,Investing.com India,eng-9903443
8320432633,eng,True,2024-09-13,22:00:57,2024-09-13T22:00:57Z,2024-09-13T21:52:42Z,news,0.0,https://wgxa.tv/news/entertainment/taylor-swift-inspired-billboards-for-kamala-harris-pop-up-in-nyc-las-vegas-times-square-campaign-advertisements-era-ready-for-it-red-2024-presidential-election-politics-joe-biden-donald-trump-tim-walz-jd-vance-democrats-republicans-childless-cat-ladies,"Taylor Swift-inspired billboards for Kamala Harris pop up in NYC, Las Vegas","NEW YORK (TND) -- Kamala Harris' campaign appears to be making the most of Taylor Swift's endorsement, as the the Democratic National Committee unveiled new Swift-inspired billboards in two U.S. ...","{'uri': ['jessica_a_botelho@wgxa.tv'], 'name': ['Jessica A. Botelho'], 'type': ['author'], 'isAgency': [False]}",https://wgxa.tv/resources/media2/16x9/640/986/center/90/88927901-bc3e-4aa0-8873-270a734c8594-thumb_6635.png,0.2471,463960857,15,wgxa.tv,news,WGXA,
8320435182,eng,True,2024-09-13,22:00:01,2024-09-13T22:00:01Z,2024-09-13T21:56:59Z,news,0.0,https://ca.news.yahoo.com/stranded-nasa-astronauts-react-boeing-214302710.html,Stranded NASA astronauts react to Boeing Starliner controversy: 'There were some tough times',"NASA astronauts Sunisa ""Suni"" Williams and Barry ""Butch"" Wilmore have spoken out for the first time in two months following weeks of hullabaloo over their extended trip to space.

""It's been quite an ...",[],https://media.zenfs.com/en/the_independent_577/8dbef1ef1e4110bace4367acc6688356,-0.0353,463960801,1,ca.news.yahoo.com,news,Yahoo,
2024-09-484714393,eng,True,2024-09-13,21:57:55,2024-09-13T21:57:55Z,2024-09-13T21:57:30Z,news,0.0,https://www.kvor.com/news/six-republicans-pledge-to-accept-2024-election-results/,Six Republicans Pledge to Accept 2024 Election Results,"Six Republicans have signed onto a bipartisan letter pledging to accept the results of the 2024 election.

The signers pledge that once the 2024 presidential election is over and all legal means to ...",[],https://www.newsmax.com/Newsmax/files/8b/8b9a6535-0c82-4c43-bba9-137ede09fcc2.jpg,0.3333,463960675,1,kvor.com,news,AM 740 KVOR | KVOR-AM,
2024-09-484714445,eng,False,2024-09-13,21:57:47,2024-09-13T21:57:47Z,2024-09-13T21:43:02Z,news,0.7216,https://uk.news.yahoo.com/stranded-nasa-astronauts-react-boeing-214302710.html,Stranded NASA astronauts react to Boeing Starliner controversy: 'There were some tough times',"NASA astronauts Sunisa ""Suni"" Williams and Barry ""Butch"" Wilmore have spoken out for the first time in two months following weeks of hullabaloo over their extended trip to space.

""It's been quite an ...","{'uri': ['julia_musto@uk.news.yahoo.com'], 'name': ['Julia Musto'], 'type': ['author'], 'isAgency': [False]}",https://media.zenfs.com/en/the_independent_577/8dbef1ef1e4110bace4367acc6688356,-0.0431,463960667,1,uk.news.yahoo.com,news,Yahoo News UK,zho-1686788
8320434712,eng,True,2024-09-13,21:56:33,2024-09-13T21:56:33Z,2024-09-13T21:56:13Z,news,0.0,https://cbs6albany.com/news/entertainment/taylor-swift-inspired-billboards-for-kamala-harris-pop-up-in-nyc-las-vegas-times-square-campaign-advertisements-era-ready-for-it-red-2024-presidential-election-politics-joe-biden-donald-trump-tim-walz-jd-vance-democrats-republicans-childless-cat-ladies,"Taylor Swift-inspired billboards for Kamala Harris pop up in NYC, Las Vegas","NEW YORK (TND) -- Kamala Harris' campaign appears to be making the most of Taylor Swift's endorsement, as the the Democratic National Committee unveiled new Swift-inspired billboards in two U.S. ...","{'uri': ['jessica_a_botelho@cbs6albany.com'], 'name': ['Jessica A. Botelho'], 'type': ['author'], 'isAgency': [False]}",https://cbs6albany.com/resources/media2/16x9/640/986/center/90/88927901-bc3e-4aa0-8873-270a734c8594-thumb_6635.png,0.2471,463960593,15,cbs6albany.com,news,WRGB,
8320434624,eng,False,2024-09-13,21:56:30,2024-09-13T21:56:30Z,2024-09-13T21:56:04Z,news,0.8902,https://expressdigest.com/how-donald-trumps-close-friendship-with-glam-conspiracist-laura-loomer-31-is-threatening-to-blow-up-his-presidential-run-as-insiders-say-his-campaign-managers-dont-care-if-he-wins-or-loses/,"How Donald Trump's close friendship with glam conspiracist Laura Loomer, 31, is threatening to blow up his presidential run - as insiders say his campaign managers don't care if he wins or loses","Nearly 50 days from the 2024 presidential election, there are signs that Trump's presidential campaign is reeling and even at war - with itself.

Multiple sources familiar with the campaign structure ...",[],,-0.0745,463960590,1,expressdigest.com,news,expressdigest.com,eng-9903420
8320434522,eng,True,2024-09-13,21:56:28,2024-09-13T21:56:28Z,2024-09-13T21:55:52Z,news,0.0,https://okcfox.com/news/entertainment/taylor-swift-inspired-billboards-for-kamala-harris-pop-up-in-nyc-las-vegas-times-square-campaign-advertisements-era-ready-for-it-red-2024-presidential-election-politics-joe-biden-donald-trump-tim-walz-jd-vance-democrats-republicans-childless-cat-ladies,"Taylor Swift-inspired billboards for Kamala Harris pop up in NYC, Las Vegas","NEW YORK (TND) -- Kamala Harris' campaign appears to be making the most of Taylor Swift's endorsement, as the the Democratic National Committee unveiled new Swift-inspired billboards in two U.S. ...","{'uri': ['jessica_a_botelho@okcfox.com'], 'name': ['Jessica A. Botelho'], 'type': ['author'], 'isAgency': [False]}",https://okcfox.com/resources/media2/16x9/640/986/center/90/88927901-bc3e-4aa0-8873-270a734c8594-thumb_6635.png,0.2471,463960588,15,okcfox.com,news,KOKH,
8320432448,eng,True,2024-09-13,21:56:12,2024-09-13T21:56:12Z,2024-09-13T21:52:29Z,news,0.7216,https://www.yahoo.com/news/stranded-nasa-astronauts-react-boeing-214302710.html,Stranded NASA astronauts react to Boeing Starliner controversy: 'There were some tough times',"NASA astronauts Sunisa ""Suni"" Williams and Barry ""Butch"" Wilmore have spoken out for the first time in two months following weeks of hullabaloo over their extended trip to space.

""It's been quite an ...",[],https://media.zenfs.com/en/the_independent_577/8dbef1ef1e4110bace4367acc6688356,-0.0353,463960572,1,yahoo.com,news,Yahoo,
8320434531,eng,True,2024-09-13,21:56:08,2024-09-13T21:56:08Z,2024-09-13T21:55:53Z,news,0.0,https://kfdm.com/news/entertainment/taylor-swift-inspired-billboards-for-kamala-harris-pop-up-in-nyc-las-vegas-times-square-campaign-advertisements-era-ready-for-it-red-2024-presidential-election-politics-joe-biden-donald-trump-tim-walz-jd-vance-democrats-republicans-childless-cat-ladies,"Taylor Swift-inspired billboards for Kamala Harris pop up in NYC, Las Vegas","NEW YORK (TND) -- Kamala Harris' campaign appears to be making the most of Taylor Swift's endorsement, as the the Democratic National Committee unveiled new Swift-inspired billboards in two U.S. ...","{'uri': ['jessica_a_botelho@kfdm.com'], 'name': ['Jessica A. Botelho'], 'type': ['author'], 'isAgency': [False]}",https://kfdm.com/resources/media2/16x9/640/986/center/90/88927901-bc3e-4aa0-8873-270a734c8594-thumb_6635.png,0.2471,463960568,15,kfdm.com,news,KFDM,
8320433532,eng,False,2024-09-13,21:54:24,2024-09-13T21:54:24Z,2024-09-13T21:54:03Z,news,0.7765,https://hollywoodunlocked.com/mother-claims-she-bought-taylor-swift-tickets-for-her-daughters-13th-birthday-but-now-selling-them-because-of-kamala-harris-endorsement/,Mother Claims She Bought Taylor Swift Tickets For Her Daughter's 13th Birthday But Now Selling Them Because of Kamala Harris Endorsement,"Taylor Swift's endorsement of Kamala Harris in the upcoming 2024 presidential election has caused one mother to sell her daughter's tickets for her show.

A video that is going viral on the internet, ...","{'uri': ['jamal_osborne@hollywoodunlocked.com'], 'name': ['Jamal Osborne'], 'type': ['author'], 'isAgency': [False]}",https://hollywoodunlocked.com/wp-content/uploads/2024/09/IMG_2581.jpeg,0.0902,463960464,1,hollywoodunlocked.com,news,Hollywood Unlocked,eng-9903415
8320432807,eng,True,2024-09-13,21:53:41,2024-09-13T21:53:41Z,2024-09-13T21:52:58Z,news,0.0,https://abc45.com/news/entertainment/taylor-swift-inspired-billboards-for-kamala-harris-pop-up-in-nyc-las-vegas-times-square-campaign-advertisements-era-ready-for-it-red-2024-presidential-election-politics-joe-biden-donald-trump-tim-walz-jd-vance-democrats-republicans-childless-cat-ladies,"Taylor Swift-inspired billboards for Kamala Harris pop up in NYC, Las Vegas","NEW YORK (TND) -- Kamala Harris' campaign appears to be making the most of Taylor Swift's endorsement, as the the Democratic National Committee unveiled new Swift-inspired billboards in two U.S. ...","{'uri': ['jessica_a_botelho@abc45.com'], 'name': ['Jessica A. Botelho'], 'type': ['author'], 'isAgency': [False]}",https://abc45.com/resources/media2/16x9/640/986/center/90/88927901-bc3e-4aa0-8873-270a734c8594-thumb_6635.png,0.2471,463960421,15,abc45.com,news,WXLV,
8320432780,eng,False,2024-09-13,21:53:11,2024-09-13T21:53:11Z,2024-09-13T21:52:54Z,news,0.6667,https://www.dailymail.co.uk/femail/article-13848573/canada-mom-selling-taylor-swift-concert-tickets-endorsement-kamala-harris-presidential-debate-2024.html,Mom reveals shocking reason she is SELLING her Taylor Swift tickets,A mom has revealed that she is shaking off Taylor Swift by selling three concert tickets following her endorsement of democratic nominee Kamala Harris - claiming she doesn't want her daughter ...,[],https://i.dailymail.co.uk/1s/2024/09/13/21/89657353-0-image-m-85_1726260727307.jpg,0.2549,463960391,1,dailymail.co.uk,news,Daily Mail Online,eng-9903415
8320431286,eng,True,2024-09-13,21:51:23,2024-09-13T21:51:23Z,2024-09-13T21:50:55Z,news,0.0,https://wlos.com/news/entertainment/taylor-swift-inspired-billboards-for-kamala-harris-pop-up-in-nyc-las-vegas-times-square-campaign-advertisements-era-ready-for-it-red-2024-presidential-election-politics-joe-biden-donald-trump-tim-walz-jd-vance-democrats-republicans-childless-cat-ladies,"Taylor Swift-inspired billboards for Kamala Harris pop up in NYC, Las Vegas","NEW YORK (TND) -- Kamala Harris' campaign appears to be making the most of Taylor Swift's endorsement, as the the Democratic National Committee unveiled new Swift-inspired billboards in two U.S. ...","{'uri': ['jessica_a_botelho@wlos.com'], 'name': ['Jessica A. Botelho'], 'type': ['author'], 'isAgency': [False]}",https://wlos.com/resources/media2/16x9/640/986/center/90/88927901-bc3e-4aa0-8873-270a734c8594-thumb_6635.png,0.2471,463960283,15,wlos.com,news,WLOS,
8320430136,eng,True,2024-09-13,21:49:24,2024-09-13T21:49:24Z,2024-09-13T21:49:08Z,news,0.0,https://abc7amarillo.com/news/entertainment/taylor-swift-inspired-billboards-for-kamala-harris-pop-up-in-nyc-las-vegas-times-square-campaign-advertisements-era-ready-for-it-red-2024-presidential-election-politics-joe-biden-donald-trump-tim-walz-jd-vance-democrats-republicans-childless-cat-ladies,"Taylor Swift-inspired billboards for Kamala Harris pop up in NYC, Las Vegas","NEW YORK (TND) -- Kamala Harris' campaign appears to be making the most of Taylor Swift's endorsement, as the the Democratic National Committee unveiled new Swift-inspired billboards in two U.S. ...","{'uri': ['jessica_a_botelho@abc7amarillo.com'], 'name': ['Jessica A. Botelho'], 'type': ['author'], 'isAgency': [False]}",https://abc7amarillo.com/resources/media2/16x9/640/986/center/90/88927901-bc3e-4aa0-8873-270a734c8594-thumb_6635.png,0.2471,463960164,15,abc7amarillo.com,news,KVII,
2024-09-484708893,eng,False,2024-09-13,21:48:27,2024-09-13T21:48:27Z,2024-09-13T17:36:31Z,news,0.7725,https://www.washingtontimes.com/news/2024/sep/13/house-lawmakers-sign-unity-pledge-to-accept-presid/,"House lawmakers sign 'unity' pledge to accept presidential election results, attend inauguration","Nearly three dozen House members on Friday signed onto a bipartisan pledge to respect the results of the 2024 presidential election and attend the inauguration for whichever candidate wins.

The ...","{'uri': ['lindsey_mcpherson@washingtontimes.com'], 'name': ['Lindsey McPherson'], 'type': ['author'], 'isAgency': [False]}",https://twt-thumbs.washtimes.com/media/image/2023/10/24/Congress_Speaker_67811_c0-159-7120-4310_s1770x1032.jpg?3a3e6fd33dbc6e8db563e114c533ada1b2709548,0.3569,463960107,1,washingtontimes.com,news,Washington Times,eng-9903170
2024-09-484708447,eng,False,2024-09-13,21:47:16,2024-09-13T21:47:16Z,2024-09-13T20:15:15Z,news,0.9137,https://internewscast.com/news/us/close-friendship-between-donald-trump-and-laura-loomer-poses-threat-to-presidential-run/,Close Friendship Between Donald Trump and Laura Loomer Poses Threat to Presidential Run - Internewscast Journal,"Nearly 50 days from the 2024 presidential election, there are signs that Trump's presidential campaign is reeling and even at war - with itself.

Multiple sources familiar with the campaign structure ...",[],https://i.dailymail.co.uk/1s/2024/09/13/20/89653135-13847885-The_decision_to_allow_an_infamous_9_11_conspiracy_theorist_Laura-a-5_1726254867349.jpg,-0.1686,463960036,1,internewscast.com,news,Internewscast Journal,eng-9903420
8320427385,eng,True,2024-09-13,21:45:26,2024-09-13T21:45:26Z,2024-09-13T21:44:37Z,news,0.0,https://wjla.com/news/entertainment/taylor-swift-inspired-billboards-for-kamala-harris-pop-up-in-nyc-las-vegas-times-square-campaign-advertisements-era-ready-for-it-red-2024-presidential-election-politics-joe-biden-donald-trump-tim-walz-jd-vance-democrats-republicans-childless-cat-ladies,"Taylor Swift-inspired billboards for Kamala Harris pop up in NYC, Las Vegas","NEW YORK (TND) -- Kamala Harris' campaign appears to be making the most of Taylor Swift's endorsement, as the the Democratic National Committee unveiled new Swift-inspired billboards in two U.S. ...","{'uri': ['jessica_a_botelho@wjla.com'], 'name': ['Jessica A. Botelho'], 'type': ['author'], 'isAgency': [False]}",https://wjla.com/resources/media2/16x9/640/986/center/90/88927901-bc3e-4aa0-8873-270a734c8594-thumb_6635.png,0.2471,463959926,15,wjla.com,news,WJLA,
8320427427,eng,False,2024-09-13,21:45:01,2024-09-13T21:45:01Z,2024-09-13T21:44:44Z,news,0.0,http://sentinelcolorado.com/metro/denver-jail-inmates-share-mixed-emotions-as-they-register-to-vote/,Denver jail inmates share mixed emotions as they register to vote - Sentinel Colorado,"DENVER | Diana won't let the maroon jumpsuit and locked cell door at the Denver County Jail stop her from casting a ballot in the 2024 presidential election.

""I want to make sure my voice gets ...",[],https://sentinelcolorado.com/wp-content/uploads/2024/09/Voter-Registration-1.jpg,0.0039,463959901,1,sentinelcolorado.com,news,Sentinel Colorado,
8320424247,eng,False,2024-09-13,21:40:53,2024-09-13T21:40:53Z,2024-09-13T21:40:18Z,news,0.698,https://www.independent.co.uk/news/science/nasa-boeing-starliner-launch-astronauts-b2612620.html,NASA astronauts react to Boeing Starliner controversy: 'There were some tough times',"As your White House correspondent, I ask the tough questions and seek the answers that matter.

Your support enables me to be in the room, pressing for transparency and accountability. Without your ...",[],https://static.independent.co.uk/2024/09/13/21/SERIOUS.jpg?quality=75&width=1200&auto=webp,0.0667,463959653,1,independent.co.uk,news,The Independent,zho-1686788
8320422868,eng,True,2024-09-13,21:39:20,2024-09-13T21:39:20Z,2024-09-13T21:38:32Z,news,0.0,https://turnto10.com/news/entertainment/taylor-swift-inspired-billboards-for-kamala-harris-pop-up-in-nyc-las-vegas-times-square-campaign-advertisements-era-ready-for-it-red-2024-presidential-election-politics-joe-biden-donald-trump-tim-walz-jd-vance-democrats-republicans-childless-cat-ladies,"Taylor Swift-inspired billboards for Kamala Harris pop up in NYC, Las Vegas","NEW YORK (TND) -- Kamala Harris' campaign appears to be making the most of Taylor Swift's endorsement, as the the Democratic National Committee unveiled new Swift-inspired billboards in two U.S. ...","{'uri': ['jessica_a_botelho@turnto10.com'], 'name': ['Jessica A. Botelho'], 'type': ['author'], 'isAgency': [False]}",https://turnto10.com/resources/media2/16x9/640/986/center/90/88927901-bc3e-4aa0-8873-270a734c8594-thumb_6635.png,0.2471,463959560,15,turnto10.com,news,WJAR,
8320422071,eng,True,2024-09-13,21:37:54,2024-09-13T21:37:54Z,2024-09-13T21:37:31Z,news,0.0,https://krcrtv.com/news/entertainment/taylor-swift-inspired-billboards-for-kamala-harris-pop-up-in-nyc-las-vegas-times-square-campaign-advertisements-era-ready-for-it-red-2024-presidential-election-politics-joe-biden-donald-trump-tim-walz-jd-vance-democrats-republicans-childless-cat-ladies,"Taylor Swift-inspired billboards for Kamala Harris pop up in NYC, Las Vegas","NEW YORK (TND) -- Kamala Harris' campaign appears to be making the most of Taylor Swift's endorsement, as the the Democratic National Committee unveiled new Swift-inspired billboards in two U.S. ...","{'uri': ['jessica_a_botelho@krcrtv.com'], 'name': ['Jessica A. Botelho'], 'type': ['author'], 'isAgency': [False]}",https://krcrtv.com/resources/media2/16x9/640/986/center/90/88927901-bc3e-4aa0-8873-270a734c8594-thumb_6635.png,0.2471,463959474,15,krcrtv.com,news,KRCR,
8320419906,eng,False,2024-09-13,21:36:10,2024-09-13T21:36:10Z,2024-09-13T21:34:39Z,news,0.0,https://tucson.com/news/local/tucson-speaks-up-letters-to-the-editor-for-the-week-of-sep-13-2024/collection_1db70523-98df-56ae-ba6d-5054b10bd547.html,"Tucson speaks up: Letters to the editor for the week of Sep. 13, 2024","We have experienced the irrefutable evidence of the catastrophic effect that global warming has on our planet with the increase of wildfires, tornadoes, hurricanes, floods, and earthquakes. A recent ...",[],https://bloximages.chicago2.vip.townnews.com/tucson.com/content/tncms/assets/v3/editorial/1/db/1db70523-98df-56ae-ba6d-5054b10bd547/66e3d525a37da.preview.jpg?crop=1280%2C672%2C0%2C90&resize=438%2C230&order=crop%2Cresize,0.1294,463959370,1,tucson.com,news,Tucson,
8320418261,eng,True,2024-09-13,21:33:12,2024-09-13T21:33:12Z,2024-09-13T21:32:44Z,news,0.0,https://bakersfieldnow.com/news/entertainment/taylor-swift-inspired-billboards-for-kamala-harris-pop-up-in-nyc-las-vegas-times-square-campaign-advertisements-era-ready-for-it-red-2024-presidential-election-politics-joe-biden-donald-trump-tim-walz-jd-vance-democrats-republicans-childless-cat-ladies,"Taylor Swift-inspired billboards for Kamala Harris pop up in NYC, Las Vegas","NEW YORK (TND) -- Kamala Harris' campaign appears to be making the most of Taylor Swift's endorsement, as the the Democratic National Committee unveiled new Swift-inspired billboards in two U.S. ...","{'uri': ['jessica_a_botelho@bakersfieldnow.com'], 'name': ['Jessica A. Botelho'], 'type': ['author'], 'isAgency': [False]}",https://bakersfieldnow.com/resources/media2/16x9/640/986/center/90/88927901-bc3e-4aa0-8873-270a734c8594-thumb_6635.png,0.2471,463959192,15,bakersfieldnow.com,news,KBAK,
8320416918,eng,True,2024-09-13,21:31:05,2024-09-13T21:31:05Z,2024-09-13T21:30:53Z,news,0.0,https://wsbt.com/news/entertainment/taylor-swift-inspired-billboards-for-kamala-harris-pop-up-in-nyc-las-vegas-times-square-campaign-advertisements-era-ready-for-it-red-2024-presidential-election-politics-joe-biden-donald-trump-tim-walz-jd-vance-democrats-republicans-childless-cat-ladies,"Taylor Swift-inspired billboards for Kamala Harris pop up in NYC, Las Vegas","NEW YORK (TND) -- Kamala Harris' campaign appears to be making the most of Taylor Swift's endorsement, as the the Democratic National Committee unveiled new Swift-inspired billboards in two U.S. ...","{'uri': ['jessica_a_botelho@wsbt.com'], 'name': ['Jessica A. Botelho'], 'type': ['author'], 'isAgency': [False]}",https://wsbt.com/resources/media2/16x9/640/986/center/90/88927901-bc3e-4aa0-8873-270a734c8594-thumb_6635.png,0.2471,463959065,15,wsbt.com,news,WSBT,
8320415623,eng,False,2024-09-13,21:30:48,2024-09-13T21:30:48Z,2024-09-13T21:29:13Z,news,0.0,https://foreignaffairs.co.nz/2024/09/14/mil-osi-usa-murray-peters-klobuchar-durbin-and-warner-call-on-agencies-to-prioritize-election-security-in-advance-of-the-2024-presidential-election/,"MIL-OSI USA: Murray, Peters, Klobuchar, Durbin, and Warner Call on Agencies to Prioritize Election...","Source: United States Senator for Washington State Patty Murray

WASHINGTON, D.C. - U.S. Senators Patty Murray (D-WA), Chair of the Senate Appropriations Committee; Gary Peters (D-MI), Chairman of the ...","{'uri': ['mil_osi_publisher@foreignaffairs.co.nz'], 'name': ['Mil-Osi Publisher'], 'type': ['author'], 'isAgency': [False]}",,0.4431,463959048,15,foreignaffairs.co.nz,news,foreignaffairs.co.nz,
8320414914,eng,True,2024-09-13,21:29:00,2024-09-13T21:29:00Z,2024-09-13T21:28:09Z,news,0.0,https://cbs12.com/news/entertainment/taylor-swift-inspired-billboards-for-kamala-harris-pop-up-in-nyc-las-vegas-times-square-campaign-advertisements-era-ready-for-it-red-2024-presidential-election-politics-joe-biden-donald-trump-tim-walz-jd-vance-democrats-republicans-childless-cat-ladies,"Taylor Swift-inspired billboards for Kamala Harris pop up in NYC, Las Vegas","NEW YORK (TND) -- Kamala Harris' campaign appears to be making the most of Taylor Swift's endorsement, as the the Democratic National Committee unveiled new Swift-inspired billboards in two U.S. ...","{'uri': ['jessica_a_botelho@cbs12.com'], 'name': ['Jessica A. Botelho'], 'type': ['author'], 'isAgency': [False]}",https://cbs12.com/resources/media2/16x9/640/986/center/90/88927901-bc3e-4aa0-8873-270a734c8594-thumb_6635.png,0.2471,463958940,15,cbs12.com,news,WPEC,
